--
-- PostgreSQL database dump
--

-- Dumped from database version 9.3.9
-- Dumped by pg_dump version 9.4.0
-- Started on 2016-02-02 15:33:29 COT

SET statement_timeout = 0;
SET lock_timeout = 0;
SET client_encoding = 'UTF8';
SET standard_conforming_strings = on;
SET check_function_bodies = false;
SET client_min_messages = warning;

--
-- TOC entry 196 (class 3079 OID 11756)
-- Name: plpgsql; Type: EXTENSION; Schema: -; Owner: 
--

CREATE EXTENSION IF NOT EXISTS plpgsql WITH SCHEMA pg_catalog;


--
-- TOC entry 2133 (class 0 OID 0)
-- Dependencies: 196
-- Name: EXTENSION plpgsql; Type: COMMENT; Schema: -; Owner: 
--

COMMENT ON EXTENSION plpgsql IS 'PL/pgSQL procedural language';


SET search_path = public, pg_catalog;

SET default_tablespace = '';

SET default_with_oids = false;

--
-- TOC entry 170 (class 1259 OID 16392)
-- Name: categoria; Type: TABLE; Schema: public; Owner: postgres; Tablespace: 
--

CREATE TABLE categoria (
    id integer NOT NULL,
    nombre character varying(255) NOT NULL
);


ALTER TABLE categoria OWNER TO postgres;

--
-- TOC entry 171 (class 1259 OID 16395)
-- Name: categoria_id_seq; Type: SEQUENCE; Schema: public; Owner: postgres
--

CREATE SEQUENCE categoria_id_seq
    START WITH 1
    INCREMENT BY 1
    NO MINVALUE
    NO MAXVALUE
    CACHE 1;


ALTER TABLE categoria_id_seq OWNER TO postgres;

--
-- TOC entry 2134 (class 0 OID 0)
-- Dependencies: 171
-- Name: categoria_id_seq; Type: SEQUENCE OWNED BY; Schema: public; Owner: postgres
--

ALTER SEQUENCE categoria_id_seq OWNED BY categoria.id;


--
-- TOC entry 172 (class 1259 OID 16397)
-- Name: comite; Type: TABLE; Schema: public; Owner: postgres; Tablespace: 
--

CREATE TABLE comite (
    id bigint NOT NULL,
    descripcion character varying,
    tipo integer NOT NULL,
    nombre character varying(255),
    fecha_inicio date,
    fecha_fin date,
    observaciones text,
    subtipo integer NOT NULL,
    convocatoria integer
);


ALTER TABLE comite OWNER TO postgres;

--
-- TOC entry 173 (class 1259 OID 16403)
-- Name: comite_id_seq; Type: SEQUENCE; Schema: public; Owner: postgres
--

CREATE SEQUENCE comite_id_seq
    START WITH 1
    INCREMENT BY 1
    NO MINVALUE
    NO MAXVALUE
    CACHE 1;


ALTER TABLE comite_id_seq OWNER TO postgres;

--
-- TOC entry 2135 (class 0 OID 0)
-- Dependencies: 173
-- Name: comite_id_seq; Type: SEQUENCE OWNED BY; Schema: public; Owner: postgres
--

ALTER SEQUENCE comite_id_seq OWNED BY comite.id;


--
-- TOC entry 174 (class 1259 OID 16405)
-- Name: convocatoria; Type: TABLE; Schema: public; Owner: postgres; Tablespace: 
--

CREATE TABLE convocatoria (
    id bigint NOT NULL,
    nombre character varying(255) NOT NULL,
    descripcion character varying(255),
    fecha_inicio date NOT NULL,
    fecha_fin date NOT NULL,
    tipo integer,
    activa boolean DEFAULT false NOT NULL
);


ALTER TABLE convocatoria OWNER TO postgres;

--
-- TOC entry 175 (class 1259 OID 16412)
-- Name: convocatoria_id_seq; Type: SEQUENCE; Schema: public; Owner: postgres
--

CREATE SEQUENCE convocatoria_id_seq
    START WITH 1
    INCREMENT BY 1
    NO MINVALUE
    NO MAXVALUE
    CACHE 1;


ALTER TABLE convocatoria_id_seq OWNER TO postgres;

--
-- TOC entry 2136 (class 0 OID 0)
-- Dependencies: 175
-- Name: convocatoria_id_seq; Type: SEQUENCE OWNED BY; Schema: public; Owner: postgres
--

ALTER SEQUENCE convocatoria_id_seq OWNED BY convocatoria.id;


--
-- TOC entry 188 (class 1259 OID 16921)
-- Name: detalle_proyecto_seq; Type: SEQUENCE; Schema: public; Owner: postgres
--

CREATE SEQUENCE detalle_proyecto_seq
    START WITH 1
    INCREMENT BY 1
    NO MINVALUE
    NO MAXVALUE
    CACHE 1;


ALTER TABLE detalle_proyecto_seq OWNER TO postgres;

--
-- TOC entry 189 (class 1259 OID 16943)
-- Name: detalle_proyecto; Type: TABLE; Schema: public; Owner: postgres; Tablespace: 
--

CREATE TABLE detalle_proyecto (
    id bigint DEFAULT nextval('detalle_proyecto_seq'::regclass) NOT NULL,
    id_departamento integer NOT NULL,
    id_municipio integer NOT NULL,
    descripcion_veredas character varying(9999),
    latitud double precision,
    longitud double precision,
    total numeric(19,2) DEFAULT 0,
    aporte_fondo numeric(19,2) DEFAULT 0,
    cofinanciacion numeric(19,2) DEFAULT 0,
    usuarios_nuevos bigint DEFAULT 0,
    usuarios_existentes bigint DEFAULT 0,
    numero bigint
);


ALTER TABLE detalle_proyecto OWNER TO postgres;

--
-- TOC entry 176 (class 1259 OID 16417)
-- Name: divipola; Type: TABLE; Schema: public; Owner: postgres; Tablespace: 
--

CREATE TABLE divipola (
    id bigint NOT NULL,
    dpto character varying(255),
    mpio character varying(255),
    id_dpto bigint NOT NULL,
    lat double precision DEFAULT 0 NOT NULL,
    lon double precision DEFAULT 0 NOT NULL
);


ALTER TABLE divipola OWNER TO postgres;

--
-- TOC entry 177 (class 1259 OID 16423)
-- Name: faer; Type: TABLE; Schema: public; Owner: postgres; Tablespace: 
--

CREATE TABLE faer (
    numero bigint NOT NULL,
    nit_presento character varying(20),
    radicado bigint,
    oep numeric(3,2),
    faer_no character varying(12),
    proyecto character varying(9999),
    nit_ejecuto character varying(20),
    fecha_radicacion date,
    fecha_aprobacion date,
    subcategoria integer DEFAULT 0 NOT NULL,
    convocatoria integer,
    categoria integer DEFAULT 0 NOT NULL
);


ALTER TABLE faer OWNER TO postgres;

--
-- TOC entry 178 (class 1259 OID 16431)
-- Name: faer_numero_seq; Type: SEQUENCE; Schema: public; Owner: postgres
--

CREATE SEQUENCE faer_numero_seq
    START WITH 1
    INCREMENT BY 1
    NO MINVALUE
    NO MAXVALUE
    CACHE 1;


ALTER TABLE faer_numero_seq OWNER TO postgres;

--
-- TOC entry 2137 (class 0 OID 0)
-- Dependencies: 178
-- Name: faer_numero_seq; Type: SEQUENCE OWNED BY; Schema: public; Owner: postgres
--

ALTER SEQUENCE faer_numero_seq OWNED BY faer.numero;


--
-- TOC entry 190 (class 1259 OID 16962)
-- Name: metas_cobertura; Type: TABLE; Schema: public; Owner: postgres; Tablespace: 
--

CREATE TABLE metas_cobertura (
    id integer NOT NULL,
    categoria integer NOT NULL,
    ano integer NOT NULL,
    cobertura integer DEFAULT 0 NOT NULL
);


ALTER TABLE metas_cobertura OWNER TO postgres;

--
-- TOC entry 191 (class 1259 OID 16973)
-- Name: metas_cobertura_id_seq; Type: SEQUENCE; Schema: public; Owner: postgres
--

CREATE SEQUENCE metas_cobertura_id_seq
    START WITH 1
    INCREMENT BY 1
    NO MINVALUE
    NO MAXVALUE
    CACHE 1;


ALTER TABLE metas_cobertura_id_seq OWNER TO postgres;

--
-- TOC entry 2138 (class 0 OID 0)
-- Dependencies: 191
-- Name: metas_cobertura_id_seq; Type: SEQUENCE OWNED BY; Schema: public; Owner: postgres
--

ALTER SEQUENCE metas_cobertura_id_seq OWNED BY metas_cobertura.id;


--
-- TOC entry 179 (class 1259 OID 16447)
-- Name: operadorRed; Type: TABLE; Schema: public; Owner: postgres; Tablespace: 
--

CREATE TABLE "operadorRed" (
    id_sui bigint NOT NULL,
    razon_social character varying,
    represetante_legal character varying(255),
    revisor_fiscal character varying(255),
    contador character varying,
    direccion character varying,
    telefono bigint,
    celular bigint,
    correo character varying(100),
    direccion_web character varying(255),
    nit character varying(20)
);


ALTER TABLE "operadorRed" OWNER TO postgres;

--
-- TOC entry 2139 (class 0 OID 0)
-- Dependencies: 179
-- Name: TABLE "operadorRed"; Type: COMMENT; Schema: public; Owner: postgres
--

COMMENT ON TABLE "operadorRed" IS 'Tabla donde se registra la información del operador de red';


--
-- TOC entry 2140 (class 0 OID 0)
-- Dependencies: 179
-- Name: COLUMN "operadorRed".id_sui; Type: COMMENT; Schema: public; Owner: postgres
--

COMMENT ON COLUMN "operadorRed".id_sui IS 'Identificador del Operador de Red, este dato debe ser identico al que se reporta en el SUI';


--
-- TOC entry 2141 (class 0 OID 0)
-- Dependencies: 179
-- Name: COLUMN "operadorRed".razon_social; Type: COMMENT; Schema: public; Owner: postgres
--

COMMENT ON COLUMN "operadorRed".razon_social IS 'Nombre del Operador
';


--
-- TOC entry 2142 (class 0 OID 0)
-- Dependencies: 179
-- Name: COLUMN "operadorRed".represetante_legal; Type: COMMENT; Schema: public; Owner: postgres
--

COMMENT ON COLUMN "operadorRed".represetante_legal IS 'nombre del representante legal';


--
-- TOC entry 180 (class 1259 OID 16453)
-- Name: participantes; Type: TABLE; Schema: public; Owner: postgres; Tablespace: 
--

CREATE TABLE participantes (
    documento character varying(30) NOT NULL,
    tipo_documento character varying,
    nombres character varying,
    apellidos character varying,
    nombre_entidad character varying,
    nit_entidad character varying,
    cargo character varying,
    telefono bigint,
    correo character varying,
    id_comite bigint NOT NULL
);


ALTER TABLE participantes OWNER TO postgres;

--
-- TOC entry 2143 (class 0 OID 0)
-- Dependencies: 180
-- Name: TABLE participantes; Type: COMMENT; Schema: public; Owner: postgres
--

COMMENT ON TABLE participantes IS 'Participantes del comité';


--
-- TOC entry 2144 (class 0 OID 0)
-- Dependencies: 180
-- Name: COLUMN participantes.id_comite; Type: COMMENT; Schema: public; Owner: postgres
--

COMMENT ON COLUMN participantes.id_comite IS 'Identificador del comite en el que participa
';


--
-- TOC entry 181 (class 1259 OID 16459)
-- Name: proyectos; Type: TABLE; Schema: public; Owner: postgres; Tablespace: 
--

CREATE TABLE proyectos (
    bpin bigint NOT NULL,
    nombre character varying(255),
    descripcion character varying(500),
    departamento bigint,
    municipio bigint,
    tipo_proyecto character varying(50),
    corregimiento bigint,
    localidad bigint,
    direccion character varying(100),
    longitud double precision,
    latitud double precision,
    costo_usuario double precision,
    valor double precision,
    operador_red bigint,
    fecha_asignacion timestamp(6) without time zone,
    fecha_finalizacion timestamp(6) without time zone,
    cantidad_usuarios_proyectados bigint,
    estado character varying,
    cantidad_usuarios_conectados bigint,
    plazo_ejecucion bigint
);


ALTER TABLE proyectos OWNER TO postgres;

--
-- TOC entry 2145 (class 0 OID 0)
-- Dependencies: 181
-- Name: COLUMN proyectos.cantidad_usuarios_proyectados; Type: COMMENT; Schema: public; Owner: postgres
--

COMMENT ON COLUMN proyectos.cantidad_usuarios_proyectados IS 'Cantidad de usuarios beneficiados';


--
-- TOC entry 2146 (class 0 OID 0)
-- Dependencies: 181
-- Name: COLUMN proyectos.estado; Type: COMMENT; Schema: public; Owner: postgres
--

COMMENT ON COLUMN proyectos.estado IS 'Estado del proyecto';


--
-- TOC entry 193 (class 1259 OID 32770)
-- Name: proyectos_comite; Type: TABLE; Schema: public; Owner: postgres; Tablespace: 
--

CREATE TABLE proyectos_comite (
    id integer NOT NULL,
    proyecto integer,
    comite integer,
    fecha_aprobacion date,
    acta_aprobacion character varying(255),
    usuario_aprobo character varying(255)
);


ALTER TABLE proyectos_comite OWNER TO postgres;

--
-- TOC entry 192 (class 1259 OID 32768)
-- Name: proyectos_comite_id_seq; Type: SEQUENCE; Schema: public; Owner: postgres
--

CREATE SEQUENCE proyectos_comite_id_seq
    START WITH 1
    INCREMENT BY 1
    NO MINVALUE
    NO MAXVALUE
    CACHE 1;


ALTER TABLE proyectos_comite_id_seq OWNER TO postgres;

--
-- TOC entry 2147 (class 0 OID 0)
-- Dependencies: 192
-- Name: proyectos_comite_id_seq; Type: SEQUENCE OWNED BY; Schema: public; Owner: postgres
--

ALTER SEQUENCE proyectos_comite_id_seq OWNED BY proyectos_comite.id;


--
-- TOC entry 182 (class 1259 OID 16471)
-- Name: subcategoria; Type: TABLE; Schema: public; Owner: postgres; Tablespace: 
--

CREATE TABLE subcategoria (
    id integer NOT NULL,
    nombre character varying(255) NOT NULL,
    categoria integer NOT NULL
);


ALTER TABLE subcategoria OWNER TO postgres;

--
-- TOC entry 183 (class 1259 OID 16474)
-- Name: subcategoria_id_seq; Type: SEQUENCE; Schema: public; Owner: postgres
--

CREATE SEQUENCE subcategoria_id_seq
    START WITH 1
    INCREMENT BY 1
    NO MINVALUE
    NO MAXVALUE
    CACHE 1;


ALTER TABLE subcategoria_id_seq OWNER TO postgres;

--
-- TOC entry 2148 (class 0 OID 0)
-- Dependencies: 183
-- Name: subcategoria_id_seq; Type: SEQUENCE OWNED BY; Schema: public; Owner: postgres
--

ALTER SEQUENCE subcategoria_id_seq OWNED BY subcategoria.id;


--
-- TOC entry 184 (class 1259 OID 16476)
-- Name: subtipo_proyecto; Type: TABLE; Schema: public; Owner: postgres; Tablespace: 
--

CREATE TABLE subtipo_proyecto (
    id integer NOT NULL,
    nombre character varying(255),
    id_tipo integer
);


ALTER TABLE subtipo_proyecto OWNER TO postgres;

--
-- TOC entry 185 (class 1259 OID 16479)
-- Name: subtipo_proyecto_id_seq; Type: SEQUENCE; Schema: public; Owner: postgres
--

CREATE SEQUENCE subtipo_proyecto_id_seq
    START WITH 1
    INCREMENT BY 1
    NO MINVALUE
    NO MAXVALUE
    CACHE 1;


ALTER TABLE subtipo_proyecto_id_seq OWNER TO postgres;

--
-- TOC entry 2149 (class 0 OID 0)
-- Dependencies: 185
-- Name: subtipo_proyecto_id_seq; Type: SEQUENCE OWNED BY; Schema: public; Owner: postgres
--

ALTER SEQUENCE subtipo_proyecto_id_seq OWNED BY subtipo_proyecto.id;


--
-- TOC entry 186 (class 1259 OID 16481)
-- Name: tipo_proyecto; Type: TABLE; Schema: public; Owner: postgres; Tablespace: 
--

CREATE TABLE tipo_proyecto (
    id integer NOT NULL,
    nombre character varying(255)
);


ALTER TABLE tipo_proyecto OWNER TO postgres;

--
-- TOC entry 187 (class 1259 OID 16484)
-- Name: tipo_proyecto_id_seq; Type: SEQUENCE; Schema: public; Owner: postgres
--

CREATE SEQUENCE tipo_proyecto_id_seq
    START WITH 1
    INCREMENT BY 1
    NO MINVALUE
    NO MAXVALUE
    CACHE 1;


ALTER TABLE tipo_proyecto_id_seq OWNER TO postgres;

--
-- TOC entry 2150 (class 0 OID 0)
-- Dependencies: 187
-- Name: tipo_proyecto_id_seq; Type: SEQUENCE OWNED BY; Schema: public; Owner: postgres
--

ALTER SEQUENCE tipo_proyecto_id_seq OWNED BY tipo_proyecto.id;


--
-- TOC entry 194 (class 1259 OID 32794)
-- Name: usuario; Type: TABLE; Schema: public; Owner: postgres; Tablespace: 
--

CREATE TABLE usuario (
    id integer NOT NULL,
    username character varying(255) NOT NULL,
    authkey character varying(255),
    accesstoken character varying(255),
    role character varying(255) DEFAULT 10 NOT NULL,
    password character varying(255) DEFAULT 0,
    habilitado boolean DEFAULT true NOT NULL
);


ALTER TABLE usuario OWNER TO postgres;

--
-- TOC entry 195 (class 1259 OID 32800)
-- Name: usuario_id_seq; Type: SEQUENCE; Schema: public; Owner: postgres
--

CREATE SEQUENCE usuario_id_seq
    START WITH 1
    INCREMENT BY 1
    NO MINVALUE
    NO MAXVALUE
    CACHE 1;


ALTER TABLE usuario_id_seq OWNER TO postgres;

--
-- TOC entry 2151 (class 0 OID 0)
-- Dependencies: 195
-- Name: usuario_id_seq; Type: SEQUENCE OWNED BY; Schema: public; Owner: postgres
--

ALTER SEQUENCE usuario_id_seq OWNED BY usuario.id;


--
-- TOC entry 1913 (class 2604 OID 16645)
-- Name: id; Type: DEFAULT; Schema: public; Owner: postgres
--

ALTER TABLE ONLY categoria ALTER COLUMN id SET DEFAULT nextval('categoria_id_seq'::regclass);


--
-- TOC entry 1914 (class 2604 OID 16646)
-- Name: id; Type: DEFAULT; Schema: public; Owner: postgres
--

ALTER TABLE ONLY comite ALTER COLUMN id SET DEFAULT nextval('comite_id_seq'::regclass);


--
-- TOC entry 1916 (class 2604 OID 16647)
-- Name: id; Type: DEFAULT; Schema: public; Owner: postgres
--

ALTER TABLE ONLY convocatoria ALTER COLUMN id SET DEFAULT nextval('convocatoria_id_seq'::regclass);


--
-- TOC entry 1921 (class 2604 OID 16648)
-- Name: numero; Type: DEFAULT; Schema: public; Owner: postgres
--

ALTER TABLE ONLY faer ALTER COLUMN numero SET DEFAULT nextval('faer_numero_seq'::regclass);


--
-- TOC entry 1932 (class 2604 OID 16975)
-- Name: id; Type: DEFAULT; Schema: public; Owner: postgres
--

ALTER TABLE ONLY metas_cobertura ALTER COLUMN id SET DEFAULT nextval('metas_cobertura_id_seq'::regclass);


--
-- TOC entry 1933 (class 2604 OID 32773)
-- Name: id; Type: DEFAULT; Schema: public; Owner: postgres
--

ALTER TABLE ONLY proyectos_comite ALTER COLUMN id SET DEFAULT nextval('proyectos_comite_id_seq'::regclass);


--
-- TOC entry 1922 (class 2604 OID 16650)
-- Name: id; Type: DEFAULT; Schema: public; Owner: postgres
--

ALTER TABLE ONLY subcategoria ALTER COLUMN id SET DEFAULT nextval('subcategoria_id_seq'::regclass);


--
-- TOC entry 1923 (class 2604 OID 16651)
-- Name: id; Type: DEFAULT; Schema: public; Owner: postgres
--

ALTER TABLE ONLY subtipo_proyecto ALTER COLUMN id SET DEFAULT nextval('subtipo_proyecto_id_seq'::regclass);


--
-- TOC entry 1924 (class 2604 OID 16652)
-- Name: id; Type: DEFAULT; Schema: public; Owner: postgres
--

ALTER TABLE ONLY tipo_proyecto ALTER COLUMN id SET DEFAULT nextval('tipo_proyecto_id_seq'::regclass);


--
-- TOC entry 1934 (class 2604 OID 32802)
-- Name: id; Type: DEFAULT; Schema: public; Owner: postgres
--

ALTER TABLE ONLY usuario ALTER COLUMN id SET DEFAULT nextval('usuario_id_seq'::regclass);


--
-- TOC entry 2100 (class 0 OID 16392)
-- Dependencies: 170
-- Data for Name: categoria; Type: TABLE DATA; Schema: public; Owner: postgres
--

COPY categoria (id, nombre) FROM stdin;
4	PAZCIFICO
2	FAER
3	FAZNI
1	VÍA TARIFA
\.


--
-- TOC entry 2152 (class 0 OID 0)
-- Dependencies: 171
-- Name: categoria_id_seq; Type: SEQUENCE SET; Schema: public; Owner: postgres
--

SELECT pg_catalog.setval('categoria_id_seq', 4, true);


--
-- TOC entry 2102 (class 0 OID 16397)
-- Dependencies: 172
-- Data for Name: comite; Type: TABLE DATA; Schema: public; Owner: postgres
--

COPY comite (id, descripcion, tipo, nombre, fecha_inicio, fecha_fin, observaciones, subtipo, convocatoria) FROM stdin;
2	CAFAZNI	3	CAFAZNI	2015-12-01	2015-12-29	Comité para evaluación de proyectos FAZNI	1	\N
3	Comite Evaluacion Proyectos FAER  - PRUEBA	2	Comite Evaluacion Proyectos FAER  - PRUEBA	2015-12-01	2015-12-24	EN este comite se evaluaran XYZ	4	1
1	CAFAER	2	CAFAER	2015-12-01	2015-12-30	Comité para revisión de proyectos a Financiar con fondos FAER	12	\N
4	CAFAER DIANA	2	CAFAER DIANA	2016-01-01	\N	CAFAER DIANA	12	\N
\.


--
-- TOC entry 2153 (class 0 OID 0)
-- Dependencies: 173
-- Name: comite_id_seq; Type: SEQUENCE SET; Schema: public; Owner: postgres
--

SELECT pg_catalog.setval('comite_id_seq', 4, true);


--
-- TOC entry 2104 (class 0 OID 16405)
-- Dependencies: 174
-- Data for Name: convocatoria; Type: TABLE DATA; Schema: public; Owner: postgres
--

COPY convocatoria (id, nombre, descripcion, fecha_inicio, fecha_fin, tipo, activa) FROM stdin;
4	CAFAZNI I	Convocatoria FAZNI Primer Semestre	2016-01-01	2016-06-30	3	f
2	CAFAER II	Convocatoria FAER Segundo Semestre	2016-07-01	2016-12-31	2	f
3	CAFAZNI II	Convocatoria FAZNI Segundo Semestre	2016-07-01	2016-12-31	3	f
1	CAFAER I	Convocatoria FAER Primer semestre	2016-01-01	2016-06-30	2	t
5	Convocatoria FAER ultimo trimestre 2016	Convocatoria FAER ultimo trimestre 2016	2015-12-01	2015-12-13	2	t
\.


--
-- TOC entry 2154 (class 0 OID 0)
-- Dependencies: 175
-- Name: convocatoria_id_seq; Type: SEQUENCE SET; Schema: public; Owner: postgres
--

SELECT pg_catalog.setval('convocatoria_id_seq', 5, true);


--
-- TOC entry 2119 (class 0 OID 16943)
-- Dependencies: 189
-- Data for Name: detalle_proyecto; Type: TABLE DATA; Schema: public; Owner: postgres
--

COPY detalle_proyecto (id, id_departamento, id_municipio, descripcion_veredas, latitud, longitud, total, aporte_fondo, cofinanciacion, usuarios_nuevos, usuarios_existentes, numero) FROM stdin;
62	44	44560	CONSTRUCCIÓN DE REDES ELÉCTRICAS EN LA COMUNIDAD INDÍGENA DE TRULIYAMANA	0	0	157653714.00	388364342.00	0.00	35	0	195
63	73	73217	ELECTRIFICACION RURAL VEREDAS TORTACO TAMARINDO Y CASTILLA	0	0	230710628.00	17570453794.00	0.00	35	0	196
64	18	18410	CONSTRUCCION DE REDES DE DISTRIBUCION EN AREA RURAL DE LOS MUNICIPIOS DE PAUJIL- MONTAÑITA Y CARTAGENA DEL CHAIRA	0	0	17339743166.00	25426361723.00	0.00	1372	0	197
65	18	18205	CONSTRUCCION DE REDES DE DISTRIBUCION DE MEDIA Y BAJA TENSIÓN Y MONTAJES DE SUBESTACIONES DE DISTRIBUCION RURAL	0	0	8086618557.00	9246208666.00	0.00	674	0	198
66	73	73624	ELECTRIFICACION RURAL VEREDAS MORROBAJO- LA OSERA. EL LIMONCITO Y CAMELLON PARTE ALTA	0	0	1159590109.00	3339627915.00	0.00	103	0	199
67	19	19785	AMPLIACION DEL SERVICIO ELECTRICO MEDIANTE LA CONSTRUCCION DE REDES ELECTRICAS DE MT- BT Y MONTAJE DE SUBESTACIONES DE DISTRIBUCION EN LOS CORREGIMIENTOS CABECERA MUNICIPAL- VEREDAS: LA CUMBRE- PEÑA BLANCA- SALVAVIDAS- TEQUENDAMA- CORREGIMIENTO CASCADAS- VEREDAS: EL TESORO- LLANADA- LOS ALPES- CORREGIMIENTO PARAISO- VEREDAS: EL CARMELO- EL FRESNO- EL MIRADOR- EL NARANJAL- LA CHEPA- PARAISO SECTORES CENTRO-NUEVO MILENIO- CORREGIMIENTO LA CEJA- VEREDAS: LA CEJA- LA ESMERALDA- QUITETO- CORREGIMIENTO CRUCERO BELLO- VEREDA: LA GRANJA	0	0	2180037806.00	7216864732.00	0.00	377	0	200
68	86	86865	CONSTRUCCIÓN DE REDES ELÉCTRICAS DE MEDIA Y BAJA TENSIÓN EN LAS VEREDAS  SANTA TERESA- LA PRADERA- EL ROSAL- ALTO ROSAL- EL ZARZAL- SAN ANDRES- PROVIDENCIA- LA BETANIA- LA ARENOSA- ALTO GUISIA- LA COSTEÑITA Y LOS LLANOS DEL MUNICIPIO DE VALLE DEL GUAMUEZ 	0	0	5036826926.00	9297033495.00	0.00	595	0	201
69	18	18460	CONSTRUCCIÓN DE REDES DE DISTRIBUCIÓN DE MEDIA Y BAJA TENSIÓN Y MONTAJES DE SUBESTACIONES DE DISTRIBUCIÓN EN ÁREA RURAL DEL MUNICIPIO DE MILÁN DEPARTAMENTO DEL CAQUETÁ   	0	0	4260206569.00	5863646570.00	0.00	261	0	202
70	5	5361	CONSTRUCCION INFRAESTRUCTURA ELECTRICA EN LAS VEREDAS DE: LA ESPERANZA- LA FRANCIA- EL SOCORRO CONGUITAL- LA PERLA- EL RESPALDO Y BUENOS AIRES	0	0	2211752939.00	2995827838.00	608312938.00	170	0	203
71	81	81794	AMPLIACION ELECTRIFICACION VEREDAS PUENTE TABLA- LA ORQUETA- CAÑO CLARO Y LUCITANIA	0	0	1392387837.00	3229210083.00	0.00	129	0	204
72	81	81794	AMPLIACION ELECTRIFICACION DISTRITO LOS LIBERTADORES Y VEREDA SANTA INES EN EL MUNICIPIO DE TAME DEPARTAMENTO DE ARAUCA (VEREDAS: TAMACAY MEDIO- ISLAS DEL CUSAY- NARANJOS I Y II- MALVINAS- AGUAS CLARAS- BRISAS DE TAMACAY- CALABALIA- CAÑO GRANDE Y SAN JOSE DE MORICHAL I Y II)	0	0	1836822246.00	3645999797.00	0.00	120	0	205
73	73	73616	ELECTRIFICACION RURAL VEREDAS LA LEJIA- YARUMALES- VERBENA- BARBACOAS- DARIEN- VERGEL- CASTILLO Y EL DANUBIO	0	0	1809177551.00	3568233260.00	0.00	271	0	206
74	68	68547	DISEÑO DE REDES DE MEDIA Y BAJA TENSION- MONTAJE DE TRANSFORMADORES PARA LA ELECTRIFICACION RURAL DE LAS VEREDAS LA PALMA- LAS ROSAS- EL CUBIN- EL GRANADILLO- CRISTALES- UMPALA- MESETA GRANDE- SECTOR EL COBRE- SAN MIGUEL ALTO- CARTAGENA- SAN ISIDRO- CHUCURI- ALTO DE VACAS- CHORRERAS- Y CANEYES- PLANADAS- LA VEGA- EL CANELO- LA LOMA- SEVILLA- MIRAFLOREZ- GUAMO MEDIO- GUAMO PEQUEÑO- GUAMO GRANDE	0	0	1759055709.00	1883607417.00	0.00	238	0	207
75	70	70523	CONSTRUCCION DE REDES DE DISTRIBUCION DE ENERGIA ELECTRICA EN MEDIA Y BAJA TENSION- SUBESTACION AEREAS EN LA VEREDA MINUTO DE DIOS	0	0	124551708.00	309829426.00	0.00	12	0	208
76	70	70204	ELECTRIFICACION RURAL VEREDAS ARENITAS - EL PAREJO	0	0	185277718.00	2886972791.00	0.00	22	0	209
77	44	44001	ELECTRIFICACION RURAL VEREDAS MONGUI- COTOPRIX Y LOS CERRITOS	0	0	2701695073.00	10965923757.00	0.00	210	0	210
78	95	95025	CONSTRUCCION RURAL DE LAS VEREDAS: CAÑO RINCON- SAN FRANCISCO 2- CAÑO BLANCO- LAS PAVAS- LA CONQUISTA- FORTALEZA- POTOSI ALTO- CAÑO AZUL- CAÑO BARROSO- EL RECREO- EL PORVENIR- CAÑO SECO- LA FLORIDA Y ALTO CACHAMA DEL MUNICIPIO DE EL RETORNO DEPARTAMENTO DEL GUAVIARE	0	0	8264228684.00	9050926881.00	0.00	347	0	211
79	81	81794	AMPLIACION DE LA RED ELECTRICA VEREDAS TAMACAY- PUERTO MIRANDA Y MESETAS	0	0	786698197.00	3824884754.00	0.00	48	0	212
80	50	50590	CONSTRUCCIÓN REDES ELÉCTRICAS EN MEDIA Y BAJA TENSIÓN EN LAS VEREDAS SAN VICENTE ALTO- CAÑOS NEGROS- LA VENADA Y CAÑO RAYA EN EL MUNICIPIO DE PUERTO RICO META	0	0	3038186557.00	3444085379.00	0.00	130	0	213
81	73	73585	ELECTRIFICACION RURAL SALERO Y BOCAS DE SALERO	0	0	405898822.00	882594730.00	0.00	37	0	214
82	73	73616	ELECTRIFICACION RURAL VEREDA LOS CAUCHOS	0	0	476695908.00	709630964.00	0.00	56	0	215
83	15	15380	CONSTRUCCION REDES ELECTRICAS MEDIA Y BAJA TENSION Y SUBESTACIONES RURALES VEREDAS VARIAS DEL MUNICIPIO DE LA CAPILLA DEPARTAMENTO DE BOYACA 	0	0	232935056.00	2238175558.00	0.00	67	0	216
84	81	81794	AMPLIACION ELECTRIFICACION DISTRITO SIMON BOLIVAR (VEREDAS COROCITO- ANGOSTURAS- RINCON DE BABAICA- CAÑO GUARAPO- CRAVO CHARRO- CASTILLA LA NUEVA- PUYEROS- LA HORMIGA- EL TRIUNFO- CRAVO COROZO Y SANTA INES)	0	0	2005240502.00	9666464228.00	0.00	192	0	217
85	27	27001	CONSTRUCCION DE REDES DE MT Y BT EN LAS VEREDAS EL JAGUO- VILLANUEVA- GUARANDO- JITRADO- WINANDO- MOJAUDO- CALAHORRA- VILLA LUZ- EL TAMBO- CAMPO BONITO- DIVISA- ALTA GRACIA- PUERTO ALUMA Y LA PLAYA DEL MUNICIPIO DE QUIBDO- DEPARTAMENTO DEL CHOCO	0	0	7661223726.00	14262362167.00	0.00	499	0	218
86	68	68176	CONSTRUCCION DE REDES DE MEDIA Y BAJA TENSIÓN Y MONTAJE DE TRANSFORMADORES PARA LA ELECTRIFICACIÓN RURAL DE LAS VEREDAS	0	0	6601138441.00	13202276882.00	0.00	675	0	218
87	68	68250	CONSTRUCCION DE REDES DE MEDIA Y BAJA TENSIÓN Y MONTAJE DE TRANSFORMADORES PARA LA ELECTRIFICACIÓN RURAL DE LAS VEREDAS	0	0	6601138441.00	13202276882.00	0.00	675	0	218
88	68	68464	CONSTRUCCION DE REDES DE MEDIA Y BAJA TENSIÓN Y MONTAJE DE TRANSFORMADORES PARA LA ELECTRIFICACIÓN RURAL DE LAS VEREDAS	0	0	6601138441.00	13202276882.00	0.00	675	0	218
89	68	68720	CONSTRUCCION DE REDES DE MEDIA Y BAJA TENSIÓN Y MONTAJE DE TRANSFORMADORES PARA LA ELECTRIFICACIÓN RURAL DE LAS VEREDAS	0	0	6601138441.00	13202276882.00	0.00	675	0	218
90	68	68147	CONSTRUCCION DE REDES DE MEDIA Y BAJA TENSIÓN Y MONTAJE DE TRANSFORMADORES PARA LA ELECTRIFICACIÓN RURAL DE LAS VEREDAS	0	0	6601138441.00	6955939175.00	0.00	675	0	219
91	73	73555	ELECTRIFICACIÓN RURAL VEREDA LA PALMERA MUNICIPIO DE PLANADAS DEPARTAMENTO DE TOLIMA 	0	0	354800734.00	709601468.00	0.00	57	0	219
92	73	73555	ELECTRIFICACIÓN RURAL VEREDA LA PALMERA MUNICIPIO DE PLANADAS DEPARTAMENTO DE TOLIMA 	0	0	354800734.00	8266804984.00	0.00	57	0	220
93	13	13670	CONSTRUCCIÓN REDES DE MEDIA Y BAJA TENSIÓN Y MONTAJE DE TRANSFORMADORES PARA LA ELECTRIFICACIÓN RURAL DE LAS VEREDAS TABACURU - VIJA - CAÑO DE ORO -  ALTO BERLIN - LA COLINA -  CERRO AZUL - SAN JUAN - MATA DE FIQUE -  ALTO SICUE- BAJO SICUE- CAÑO FRIO- MONTES	0	0	7912004250.00	11535037378.00	0.00	795	0	221
94	81	81794	AMPLIACION ELECTRIFICACION VEREDAS (CAÑO GUAYABO- EL MILAGRO- FILIPINAS- LAURELES I- LAURELES II- LOS REGADEROS- RINCON- SANTO DOMINGO)	0	0	3623033128.00	4910024554.00	0.00	293	0	222
95	20	20032	ELECTRIFICACION RURAL VEREDAS EL CASCAJO- MONTE BELLO	0	0	1286991426.00	4919174345.00	0.00	69	0	223
96	81	81300	AMPLIACION ELECTRIFICACION VEREDAS (BIRMANIA- CAÑO FLORES- CARACOLES- EL MILAGRO- EL SALEM- GUALANDAY- LA PRIMAVERA- MATECAÑA- MURIBA I- PUERTO GLORIA- SAN FRANCISCO SITIO NUEVO) 	0	0	3632182919.00	7209220122.00	0.00	290	0	224
97	81	81736	AMPLIACION ELECTRIFICACION VEREDAS:ALTO CAÑO ROJO- ALTO LA PAJUALINA- ALTO PLACERES- ALTO SAN MIGUEL- ALTO SOTACÁ- BAJO PESCADO- BANADÍA MEDIO- BARRACONES- BELLO HORIZONTE- CAMPO ALEGRE- CAÑO CLARO- CAÑO ROJO- CUATRO ESQUINAS- EL CONSUELO- ISLA DE BOJABA- LA PAVITA- MADRE VIEJA- MIRAMAR Y SAN RAFAEL DE BANADÍA  	0	0	3577037203.00	4471816503.00	0.00	273	0	225
98	70	70670	ELECTRIFICACION RURAL VEREDAS EL PAKI-BELLA VISTA- EL GUAMARO- EL PAKI-CRUCERO- EL RETIRO- LA NEGRA- LA ISLA Y LA LOMA DE PIEDRA	0	0	894779300.00	1248192980.00	0.00	193	0	226
99	73	73217	ELECTRIFICACION RURAL VEREDA ANONALES	0	0	353413680.00	2089637553.00	0.00	40	0	227
100	20	20045	ELECTRIFICACION RURAL VEREDAS CAPIGUARA- EL CENTRO- SANTA CECILIA- CAÑO RODRIGO Y SOCONBA	0	0	1736223873.00	1835306755.00	0.00	95	0	228
101	73	73555	ELECTRIFICACION RURAL VEREDA SAN PABLO DEL MUNICIPIO DE PLANADAS DEPARTAMENTO DE TOLIMA	0	0	99082882.00	253226161.00	0.00	14	0	229
102	44	44279	ELECTRIFICACION RURAL VEREDA JAWEY- UBICADO EN EL MUNICIPIO DE FONSECA- DEPARTAMENTO DE LA GUAJIRA	0	0	154143279.00	379758064.00	0.00	17	0	230
103	44	44650	ELECTRIFICACION RURAL VEREDA LA LOMA	0	0	225614785.00	513968707.00	0.00	28	0	231
104	44	44874	ELECTRIFICACION RURAL VEREDA EL HORNO	0	0	288353922.00	868840385.00	0.00	16	0	232
105	44	44874	ELECTRIFICACION RURAL VEREDA EL ENEAL	0	0	580486463.00	1319896241.00	0.00	35	0	233
106	70	70702	ELECTRIFICACION RURAL VEREDA SANTA CATALINA	0	0	739409778.00	1568125234.00	0.00	41	0	234
107	44	44874	ELECTRIFICACION RURAL VEREDA LA SARAITA- EL RETIRO Y JUNCALITO	0	0	828715456.00	1266236863.00	0.00	45	0	235
108	44	44430	ELECTRIFICACION RURAL VEREDAS ALTO PINO - SIMALUNCIRA - USHULU- UBICADO EN EL MUNICIPIO DE MAICAO- DEPARTAMENTO DE LA GUAJIRA.	0	0	437521407.00	618929089.00	0.00	71	0	236
109	44	44430	ELECTRIFICACION RURAL VEREDA ANAMANA 2- UBICADO EN EL MUNICIPIO DE MAICAO- DEPARTAMENTO DE LA GUAJIRA	0	0	181407682.00	366879977.00	0.00	15	0	237
110	44	44430	ELECTRIFICACION RURAL VEREDAS IRRUWANI - LOS ACEITUNO - LA PAZ- UBICADO EN EL MUNICIPIO DE MAICAO- DEPARTAMENTO DE LA GUAJIRA 	0	0	185472295.00	3228474614.00	0.00	47	0	238
111	52	52678	CONSTRUCCION DE REDES DE DISTRIBUCION ELECTRICA VEREDAS: ANDALUCIA- EL SOCORRO- LA PLANADA- EL CEDRAL Y TRASVAL PERTENECIENTES AL MUNICIPIO DE SAMANIEGO Y VEREDAS: EL SANDE- MADROÑO Y GUADALITO	0	0	3043002319.00	5003817024.00	0.00	280	0	239
112	52	52678	CONSTRUCCION DE REDES DE DISTRIBUCION ELECTRICA EN LAS VEREDAS EL DECIO- BUENAVISTA Y BETANIA.	0	0	1960814705.00	2717712638.00	0.00	166	0	240
113	13	13074	ELECTRIFICACIÓN RURAL VEREDAS PTO. GIRASOL- HATILLO- ESCUBRILLAL- CAÑO HERNAN UBICADO EN EL MUNICIPIO DE BARRANCO DE LOBA- DEPARTAMENTO DEL BOLÍVAR.	0	0	756897933.00	1129133385.00	0.00	115	0	241
114	13	13244	ELECTRIFICACIÓN RURAL VEREDA ARENAS DEL SUR- UBICADO EN EL MUNICIPIO DE EL CARMEN DE BOLÍVAR- DEPARTAMENTO DEL BOLÍVAR.	0	0	372235452.00	6099883549.00	0.00	41	0	242
115	52	52540	CONSTRUCCION DE LAS REDES DE MEDIA Y BAJA TENSION PARA LAS VEREDAS LA HOJA- COCAL- LA VARA- PALMERA- CABAÑA- PLAYA MENUDA- LA CUCHILLA- PROVIDENCIA- AGUAS CALIENTES- TAGUAL BELLAVISTA- TAGUALITO- TAGUAL- CUYANAL- CORAL- NEGRITAL- VILLAMORENO- LA LAGUNA- PORVENIR- PEÑAS BLANCAS- BUENA ESPERANZA Y PUERTO RICO.	0	0	5727648097.00	17796527544.00	0.00	461	0	243
116	68	68255	CONSTRUCCIÓN REDES DE MEDIA Y BAJA TENSIÓN Y MONTAJE DE TRANSFORMADORES PARA LA ELECTRIFICACIÓN RURAL DE LAS VEREDAS DE LOS MUNICIPIOS EL PLAYÓN ¿ SIMACOTA ¿ PUERTO WILCHES ¿ EL CARMEN DE CHUCURI ¿ SUCRE ¿ LANDAZURI ¿ PARAMO ¿ CIMITARRA DEL DEPARTAMENTO DE SANTANDER	0	0	12068879447.00	24137758894.00	0.00	920	0	243
117	68	68745	CONSTRUCCIÓN REDES DE MEDIA Y BAJA TENSIÓN Y MONTAJE DE TRANSFORMADORES PARA LA ELECTRIFICACIÓN RURAL DE LAS VEREDAS DE LOS MUNICIPIOS EL PLAYÓN ¿ SIMACOTA ¿ PUERTO WILCHES ¿ EL CARMEN DE CHUCURI ¿ SUCRE ¿ LANDAZURI ¿ PARAMO ¿ CIMITARRA DEL DEPARTAMENTO DE SANTANDER	0	0	12068879447.00	24137758894.00	0.00	920	0	243
118	68	68575	CONSTRUCCIÓN REDES DE MEDIA Y BAJA TENSIÓN Y MONTAJE DE TRANSFORMADORES PARA LA ELECTRIFICACIÓN RURAL DE LAS VEREDAS DE LOS MUNICIPIOS EL PLAYÓN ¿ SIMACOTA ¿ PUERTO WILCHES ¿ EL CARMEN DE CHUCURI ¿ SUCRE ¿ LANDAZURI ¿ PARAMO ¿ CIMITARRA DEL DEPARTAMENTO DE SANTANDER	0	0	12068879447.00	24137758894.00	0.00	920	0	243
119	68	68235	CONSTRUCCIÓN REDES DE MEDIA Y BAJA TENSIÓN Y MONTAJE DE TRANSFORMADORES PARA LA ELECTRIFICACIÓN RURAL DE LAS VEREDAS DE LOS MUNICIPIOS EL PLAYÓN ¿ SIMACOTA ¿ PUERTO WILCHES ¿ EL CARMEN DE CHUCURI ¿ SUCRE ¿ LANDAZURI ¿ PARAMO ¿ CIMITARRA DEL DEPARTAMENTO DE SANTANDER	0	0	12068879447.00	24137758894.00	0.00	920	0	243
120	68	68773	CONSTRUCCIÓN REDES DE MEDIA Y BAJA TENSIÓN Y MONTAJE DE TRANSFORMADORES PARA LA ELECTRIFICACIÓN RURAL DE LAS VEREDAS DE LOS MUNICIPIOS EL PLAYÓN ¿ SIMACOTA ¿ PUERTO WILCHES ¿ EL CARMEN DE CHUCURI ¿ SUCRE ¿ LANDAZURI ¿ PARAMO ¿ CIMITARRA DEL DEPARTAMENTO DE SANTANDER	0	0	12068879447.00	24137758894.00	0.00	920	0	243
121	68	68533	CONSTRUCCIÓN REDES DE MEDIA Y BAJA TENSIÓN Y MONTAJE DE TRANSFORMADORES PARA LA ELECTRIFICACIÓN RURAL DE LAS VEREDAS DE LOS MUNICIPIOS EL PLAYÓN ¿ SIMACOTA ¿ PUERTO WILCHES ¿ EL CARMEN DE CHUCURI ¿ SUCRE ¿ LANDAZURI ¿ PARAMO ¿ CIMITARRA DEL DEPARTAMENTO DE SANTANDER	0	0	12068879447.00	24137758894.00	0.00	920	0	243
122	68	68190	CONSTRUCCIÓN REDES DE MEDIA Y BAJA TENSIÓN Y MONTAJE DE TRANSFORMADORES PARA LA ELECTRIFICACIÓN RURAL DE LAS VEREDAS DE LOS MUNICIPIOS EL PLAYÓN ¿ SIMACOTA ¿ PUERTO WILCHES ¿ EL CARMEN DE CHUCURI ¿ SUCRE ¿ LANDAZURI ¿ PARAMO ¿ CIMITARRA DEL DEPARTAMENTO DE SANTANDER	0	0	12068879447.00	13984277593.00	0.00	920	0	244
123	27	27006	MEJORAMIENTO DE LA INFRAESTRUCTURA ELECTRICA EN LOS CORREGIMIENTOS DE CAPURGANA- SAPZURRO- SAN MIGUEL- PEÑALOZA Y LA CABECERA MUNICIPAL DE ACANDI - DEPARTAMENTO DEL CHOCO. 	0	0	6841268812.00	6841268812.00	0.00	82	3572	245
124	5	5873	MEJORAMIENTO DEL SISTEMA DE GENERACIÓN Y DISTRIBUCIÓN ELÉCTRICA EN LA COMUNIDADES DE : VIDRI- PUERTO PALACIO- PUERTO MEDELLIN- ARENAL- SAN ANTONIO DE PADUA- SANTA MARIA- PALO BLANCO- SAN MARTIN DE PORRES- VUELTA CORTA- SAN ALEJANDRO- VILLA NUEVA- PUERTO ANTIOQUIA- SAN MIGUEL- Y BUCHADÓ ASI COMO LA CONSTRUCCIÓN DE LAS INTERCONEXIONES ELÉCTRICAS ENTRE LAS COMUNIDADES DE LA LOMA Y LA PLAYA EN EL RIO MURRY E INTERCONEXIÓN ELÉCTRICA ENTRE LAS COMUNIDADES DE VEGAEZ- BELEN E ISLETA EL RIO ARQUIA MUNICIPIO DE VIGIA DEL FUERTE DEPARTAMENTO DE ANTIOQUIA.	0	0	5303222160.00	5303222160.00	0.00	670	1145	246
125	27	27075	MEJORAMIENTO  Y AMPLIACIÓN DE LA INFRAESTRUCTURA ELECTRICA DE LA CABECERA MUNICIPAL DE BAHIA SOLANO Y LAS LOCALIDADES DE EL VALLE- PUNTA HUINA- MECANA- HUACA- PLAYA DE POTES- PLAYA DE FLORES-  NABUGA- EL BRAZO Y POSAMANZA-  DEPARTAMENTO DEL CHOCO	0	0	10127999039.00	10127999039.00	0.00	237	2637	247
126	27	27800	MEJORAMIENTO DE LA INFRAESTRUCTURA ELECTRICA DE LA CABECERA MUNICIPAL DE UNGUIA Y LAS LOCALIDADES DE DE SANTA MARIA- GILGAL- SANTUARIO- CUQUE MINA- CUQUE PENIEL- TISLO-  TANELA- LA LOMA- PATA PELÁ- QUEBRADA BONITA Y VILLA ESPERANZA- MUNICIPIO DE UNGUIA- DEPARTAMENTO DEL CHOCÓ	0	0	9455967882.00	9455967882.00	0.00	314	1672	248
127	27	27495	MEJORAMIENTO DEL PARQUE GENERADOR Y REDES DE DISTRUCIÓN DE LAS LOCALIDADES DE COQUÍ- JOVI- RIO NUQUÍ Y CONSTRUCCIÓN DE LA LINEA DE INTERCONEXIÓN COQUI – JOVI- MUNICIPIO DE NUQUÍ- DEPARTAMENTO DEL CHOCÓ	0	0	1793672385.00	1793672385.00	0.00	14	256	249
128	95	95001	SUMINISTRO- TRANSPORTE Y CONSTRUCCIÓN DE CASETA- PLANTA ELÉCTRICA- RED TRENZADA DE BAJA TENSIÓN- ACOMETIDAS DOMICILIARIAS ANTIFRAUDE DE LAS VEREDAS DE GUAYABALES- PUERTO FLORES- CHUAPAL- LA PAZ Y CATALINA Y REPOSICIÓN DE LAS PLANTAS ELÉCTRICAS DE LAS VEREDAS DE CACHICAMO- CAÑO MAKU- GUANAPALO Y CHARRAS DE LOS MUNICIPIOS DE SAN JOSÉ DEL GUAVIARE Y EL RETORNO- DEPARTAMENTO DEL GUAVIARE	0	0	1466935914.00	1466935914.00	0.00	214	0	250
129	68	68655	IMPLEMENTACIÓN DEL SISTEMA DE ENERGIA SOLAR FOTOVOLTAICA AUTONOMO PARA LA ELECTRIFICACIÓN DE ZONAS RURALES NO INTERCONECTADAS DEL MUNICIPIO DE SABANA DE TORRES DEPARTAMENTO SANTANDER INCLUYENDO LAS VEREDAS DE  BOCA DE LA TIGRA- CAMPO DE  LA TIGRA- SABANETA- PAYOA- PROVINCIA Y LLANO GRANDE.	0	0	1499611501.00	1499611501.00	0.00	100	0	251
130	13	13160	IMPLEMENTACIÓN DEL SISTEMA DE ENERGIA SOLAR FOTOVOLTAICA AUTONOMO PARA LA ELECTRIFICACIÓN DE ZONAS RURALES NO INTERCONECTADAS DEL MUNICIPIO DE CATAGALLO DEPARTAMENTO DE BOLIVAR INCLUYENDO LAS VEREDAS DE MEDIO SAN JUAN- LA FORTUNA- EL CEDRO- MURIBA- LAS GRANJAS- ALTO LIMÓN- MIRALINDO- EL DIAMANTE Y PALUA ALTA.	0	0	1473948625.00	1473948625.00	0.00	100	0	252
131	68	68575	IMPLEMENTACIÓN DEL SISTEMA DE ENERGIA SOLAR FOTOVOLTAICA AUTONOMO PARA LA ELECTRIFICACIÓN DE ZONAS RURALES NO INTERCONECTADAS DEL MUNICIPIO DE PUERTO WILCHES DEPARTAMENTO SANTANDER INCLUYENDO LAS VEREDAS DE  CAÑO LIMÓN- LA YE- LA PAMPA-  CENTRAL- LA UNION- EL PORVENIR- LAS CRUCES- EL CARMEN- KM 16 Y TALADRO.	0	0	2967227433.00	2967227433.00	0.00	190	0	253
132	99	99624	CONSTRUCCION DE SISTEMAS DE ENERGIA ALTERNATIVA SOLAR FOTOVOLTAICA PARA VIVIENDAS RURALES EN EL MUNICIPIO DE SANTA ROSALÍA EN LAS VEREDAS- PAVANAY- BORDEREÑO- CONTROL- LA LADERA- CAÑO NEGRO- SAN MARCOS- GUACACIAS- FLOR AMARILLO Y NAZARETH EN LAS ZONAS NO INTERCONECTADAS DEL DEPARTAMENTO DEL VICHADA.	0	0	3399651320.00	3399651320.00	0.00	172	0	254
133	18	18785	CONSTRUCCIÓN DE REDES DE DISTRIBUCIÓN DE MEDIA Y BAJA TENSIÓN MONTAJE DE SUBESTACIONES DE DISTRIBUCIÓIN EN LAS VEREDAS LA PAZ- EL AMPARO- LA FLORESTA Y EL RECREO- LA CRISTALINA- LA MIRANDA- EL CARMELO SINCELEJO LA ESPAÑOLA CAMPO LEJANO- LA ARGELIA Y BUENOS AIRES SOLITA CAQUETA	0	0	8332183476.00	8332183476.00	0.00	0	338	255
134	52	52390	CONSTRUCCION Y REMODELACION DEL SISTEMA DE REDES DE DISTRIBUCIÓNN ELÉCTRICA EN MEDIA Y BAJA TENSIÓN EN LA CABECERA MUNICIPAL DE LA TOLA Y VEREDA NERETE -NARIÑO	0	0	3159893689.00	3159893689.00	0.00	263	1054	256
135	52	52490	MEJORAMIENTO EN EL SISTEMA DE REDES DE DISTRIBUCIÓN ELECTRICA EN MEDIA Y BAJA TENSIÓN EN LA CABECERA MUNICIPAL DE BOCAS DE SATINGA MUNICIPIO DE OLAYA HERRERA - NARIÑO	0	0	1387352123.00	1387352123.00	0.00	192	449	257
136	52	52250	MEJORAMIENTO EN EL SISTEMA DE REDES DE DISTRIBUCIÓN ELECTRICA  EN LA CABECERA MUNICIPAL DE EL CHARCO - NARIÑO	0	0	3788352252.00	3788352252.00	0.00	559	1303	258
137	50	50325	CONSTRUCCION LINEA  34-5 KV BOQUERON (GUAVIARE) MAPIRIPAN- SUBESTACION ELÉCTRICA MAPIRIPAN 34-5/13-2 KV- 1 MVA- MODULO DE SALIDA SUBESTACOIN BOQUEORN 34-5 KV Y ELECTRIFICACIÓN RURAL DE LAS VEREDAS BOQUERON Y PUERTO NARE EN EL EJE DEL DISEÑO DEPARTAMENTO DE GUAVIARE	0	0	15126576469.00	15126576469.00	0.00	544	440	259
138	99	99773	CONSTRUCCIÓN DE REDES ELECTRICAS EN MEDIA TENSIÓN PARA LA INTERCONEXIÓN  ENTRE LOS DEPARTAMENTOS DE META Y VICHADA- EN LAS ISPECCIONES DE EL VIENTO- EL PROGRESO Y TRES MATAS DEL MUNICIPIO DE CUMARIBO - VICHADA	0	0	16004421447.00	16004421447.00	0.00	0	837	260
139	18	18247	CONSTRUCCION DE REDES DE DISTRIBUCION DE MEDIA Y BAJA TENSIÓN Y MONTAJES DE SUBESTACIONES DE DISTRIBUCION RURAL	1.67906350714999997	-75.282837366199999	800000.00	0.00	\N	1000	0	198
\.


--
-- TOC entry 2155 (class 0 OID 0)
-- Dependencies: 188
-- Name: detalle_proyecto_seq; Type: SEQUENCE SET; Schema: public; Owner: postgres
--

SELECT pg_catalog.setval('detalle_proyecto_seq', 139, true);


--
-- TOC entry 2106 (class 0 OID 16417)
-- Dependencies: 176
-- Data for Name: divipola; Type: TABLE DATA; Schema: public; Owner: postgres
--

COPY divipola (id, dpto, mpio, id_dpto, lat, lon) FROM stdin;
5002	ANTIOQUIA	ABEJORRAL	5	5.78953996023999995	-75.4289204216999991
5004	ANTIOQUIA	ABRIAQUÍ	5	6.63395602770000004	-76.0631582653000038
5021	ANTIOQUIA	ALEJANDRÍA	5	6.37447380152999976	-75.143097412399996
5030	ANTIOQUIA	AMAGÁ	5	6.03583351331000006	-75.7017624652000052
5031	ANTIOQUIA	AMALFI	5	6.90887428956999994	-75.0731475839999973
5034	ANTIOQUIA	ANDES	5	5.65688469543999961	-75.8792510189999945
5036	ANTIOQUIA	ANGELÓPOLIS	5	6.11188033760999971	-75.7083307759999968
5038	ANTIOQUIA	ANGOSTURA	5	6.8853661929400003	-75.3349479887999962
5040	ANTIOQUIA	ANORÍ	5	7.07800833331999968	-75.1483999002000047
5044	ANTIOQUIA	ANZÁ	5	6.30223046843000034	-75.8537133319999981
5045	ANTIOQUIA	APARTADÓ	5	7.88271669622000015	-76.6261859723999947
5051	ANTIOQUIA	ARBOLETES	5	8.8500062659599994	-76.4266804047999955
5055	ANTIOQUIA	ARGELIA	5	5.7303677476199999	-75.1391944341999931
5059	ANTIOQUIA	ARMENIA	5	6.15581919451000026	-75.7865604641000061
5079	ANTIOQUIA	BARBOSA	5	6.43798866193000041	-75.3338190533000045
5086	ANTIOQUIA	BELMIRA	5	6.60617594414000031	-75.6682148633999958
5088	ANTIOQUIA	BELLO	5	6.33378556247000013	-75.5544475761000029
5091	ANTIOQUIA	BETANIA	5	5.74921425848000034	-75.9817693681000037
5093	ANTIOQUIA	BETULIA	5	6.10909980707999978	-75.9841907479000014
5101	ANTIOQUIA	CIUDAD BOLÍVAR	5	5.84651700066999958	-76.0133228121000002
5107	ANTIOQUIA	BRICEÑO	5	7.11279053594000032	-75.5506603820000038
5113	ANTIOQUIA	BURITICÁ	5	6.71988421941999992	-75.9062641101999986
5120	ANTIOQUIA	CÁCERES	5	7.57506519303000037	-75.352980171699997
5125	ANTIOQUIA	CAICEDO	5	6.40578758966000006	-75.984153352000007
5129	ANTIOQUIA	CALDAS	5	6.09157784639999988	-75.634493804300007
5134	ANTIOQUIA	CAMPAMENTO	5	6.97898982024999981	-75.2953334406000039
5138	ANTIOQUIA	CAÑASGORDAS	5	6.75976724617000002	-76.0302047407000003
5142	ANTIOQUIA	CARACOLÍ	5	6.40250922802000044	-74.7592025032000009
5145	ANTIOQUIA	CARAMANTA	5	5.5490947861300004	-75.645331566400003
5147	ANTIOQUIA	CAREPA	5	7.75420419467999977	-76.6531189552000001
5148	ANTIOQUIA	EL CARMEN DE VIBORAL	5	6.08497157367999986	-75.3352690119999977
5150	ANTIOQUIA	CAROLINA	5	6.72599435247999988	-75.2835999380999965
5154	ANTIOQUIA	CAUCASIA	5	7.97776036994000037	-75.1985143434999941
5172	ANTIOQUIA	CHIGORODÓ	5	7.66615644948999986	-76.6815647245999941
5190	ANTIOQUIA	CISNEROS	5	6.53887519895999958	-75.0862390602000005
5197	ANTIOQUIA	COCORNÁ	5	6.05788879642000033	-75.1856126097000015
5209	ANTIOQUIA	CONCORDIA	5	6.04714827298000035	-75.9082819050999973
5212	ANTIOQUIA	COPACABANA	5	6.35822753090999981	-75.5024226760999966
5234	ANTIOQUIA	DABEIBA	5	7.00003402634999983	-76.2629740972000008
5237	ANTIOQUIA	DONMATÍAS	5	6.48588534625999991	-75.3940951645000013
5240	ANTIOQUIA	EBÉJICO	5	6.32725970500000034	-75.7668777262999953
5250	ANTIOQUIA	EL BAGRE	5	7.59295465248999957	-74.8047104261000015
5264	ANTIOQUIA	ENTRERRÍOS	5	6.56665004925999973	-75.5171548465999933
5266	ANTIOQUIA	ENVIGADO	5	6.16666179754999977	-75.5831907344000058
5282	ANTIOQUIA	FREDONIA	5	5.92484004200999959	-75.6711661439999972
5284	ANTIOQUIA	FRONTINO	5	6.77558501431999982	-76.1312233968999976
5306	ANTIOQUIA	GIRALDO	5	6.67830122958999972	-75.9497722759000027
5308	ANTIOQUIA	GIRARDOTA	5	6.37934992893999997	-75.4436989853000028
5310	ANTIOQUIA	GÓMEZ PLATA	5	6.68411944773999966	-75.2217555544000049
5313	ANTIOQUIA	GRANADA	5	6.14137433234999985	-75.1879726739999938
5315	ANTIOQUIA	GUADALUPE	5	6.81504821632000013	-75.2397174082999953
5318	ANTIOQUIA	GUARNE	5	6.27897889751000005	-75.4400880377999954
5321	ANTIOQUIA	GUATAPÉ	5	6.23233737136999988	-75.1556269714999985
5347	ANTIOQUIA	HELICONIA	5	6.20603288365999983	-75.7347859900999936
5353	ANTIOQUIA	HISPANIA	5	5.7988794991999999	-75.9049374881000034
5360	ANTIOQUIA	ITAGÜÍ	5	6.16815830322000025	-75.6297219460000036
5364	ANTIOQUIA	JARDÍN	5	5.60096503820000002	-75.8230669282999941
5368	ANTIOQUIA	JERICÓ	5	5.79245557634000008	-75.7846277050000054
5376	ANTIOQUIA	LA CEJA	5	6.03259036571999996	-75.4216378862000028
5380	ANTIOQUIA	LA ESTRELLA	5	6.15839094042000035	-75.6451870671999984
5390	ANTIOQUIA	LA PINTADA	5	5.73913585413999972	-75.6062180593000051
5400	ANTIOQUIA	LA UNIÓN	5	5.97435177167000031	-75.3605747076999961
5411	ANTIOQUIA	LIBORINA	5	6.67635868919999975	-75.8136759627000032
5425	ANTIOQUIA	MACEO	5	6.55311608541000012	-74.7878477149999981
5440	ANTIOQUIA	MARINILLA	5	6.17354813980000028	-75.3380784356999982
5467	ANTIOQUIA	MONTEBELLO	5	5.94656365916999974	-75.523753933699993
5475	ANTIOQUIA	MURINDÓ	5	6.97696716668999972	-76.8199865211999935
5480	ANTIOQUIA	MUTATÁ	5	7.24396317282000002	-76.4367046954999978
5483	ANTIOQUIA	NARIÑO	5	5.61099552192999962	-75.1749212942000042
5490	ANTIOQUIA	NECOCLÍ	5	8.42602528099000025	-76.7876212535000064
5495	ANTIOQUIA	NECHÍ	5	8.0887464336499999	-74.7763395887999991
5501	ANTIOQUIA	OLAYA	5	6.62451188899999988	-75.8112765589000048
5541	ANTIOQUIA	PEÑOL	5	6.22168318259999964	-75.2123722543999946
5543	ANTIOQUIA	PEQUE	5	7.02209987188000007	-75.9086712096000014
5576	ANTIOQUIA	PUEBLORRICO	5	5.79341608530999963	-75.8405778431999948
5585	ANTIOQUIA	PUERTO NARE	5	6.18204690081999964	-74.5851321578000039
5591	ANTIOQUIA	PUERTO TRIUNFO	5	5.88820840277000013	-74.6340235664000033
5604	ANTIOQUIA	REMEDIOS	5	7.02879358720000003	-74.6904627995999988
5607	ANTIOQUIA	RETIRO	5	6.06324258168999997	-75.5020105793999932
5615	ANTIOQUIA	RIONEGRO	5	6.14622006041000013	-75.3762557551000043
5628	ANTIOQUIA	SABANALARGA	5	6.85353316386999989	-75.8141659930000031
5631	ANTIOQUIA	SABANETA	5	6.15089231663000024	-75.6153508751000061
5642	ANTIOQUIA	SALGAR	5	5.96116241718999973	-75.9754359618000024
5647	ANTIOQUIA	SAN ANDRÉS DE CUERQUÍA	5	6.92360963908000038	-75.6727731196999969
5649	ANTIOQUIA	SAN CARLOS	5	6.18797640740999988	-74.9930024004000018
5652	ANTIOQUIA	SAN FRANCISCO	5	5.96417239340000016	-75.1018529680000029
5656	ANTIOQUIA	SAN JERÓNIMO	5	6.44306379215000025	-75.727817825599999
5658	ANTIOQUIA	SAN JOSÉ DE LA MONTAÑA	5	6.84974120672000009	-75.6840821905999945
5659	ANTIOQUIA	SAN JUAN DE URABÁ	5	8.7594906053199999	-76.5288897940999959
5660	ANTIOQUIA	SAN LUIS	5	6.04286525405999964	-74.9943922308000026
5664	ANTIOQUIA	SAN PEDRO DE LOS MILAGROS	5	6.4604345207799998	-75.5609117194999982
5667	ANTIOQUIA	SAN RAFAEL	5	6.2939497363800001	-75.0282495205999993
5670	ANTIOQUIA	SAN ROQUE	5	6.48481184944999978	-75.0222636421000004
5674	ANTIOQUIA	SAN VICENTE FERRER	5	6.27940487147999971	-75.3347960432000008
5679	ANTIOQUIA	SANTA BÁRBARA	5	5.88063912269999989	-75.5723194637999995
5686	ANTIOQUIA	SANTA ROSA DE OSOS	5	6.64517249596999982	-75.4600796800000069
5690	ANTIOQUIA	SANTO DOMINGO	5	6.47478461773000014	-75.1677488198999981
5697	ANTIOQUIA	EL SANTUARIO	5	6.13596027700999969	-75.2613936054000021
5736	ANTIOQUIA	SEGOVIA	5	7.08108247704999982	-74.6990624578999984
5761	ANTIOQUIA	SOPETRÁN	5	6.50313220448999996	-75.7459373660000068
5789	ANTIOQUIA	TÁMESIS	5	5.66517675836000034	-75.7142215351999965
5790	ANTIOQUIA	TARAZÁ	5	7.58161135295000044	-75.399710996500005
5792	ANTIOQUIA	TARSO	5	5.8654485824	-75.8227902131000064
5809	ANTIOQUIA	TITIRIBÍ	5	6.06294586496999965	-75.794708120300001
5819	ANTIOQUIA	TOLEDO	5	7.0103419161799998	-75.6921665410999935
5837	ANTIOQUIA	TURBO	5	8.09409673799999929	-76.7264318312000029
5842	ANTIOQUIA	URAMITA	5	6.8935930229400002	-76.1704105355999985
5847	ANTIOQUIA	URRAO	5	6.31400117616999967	-76.1322404659999989
5854	ANTIOQUIA	VALDIVIA	5	7.16313768064000023	-75.4397119152999949
5856	ANTIOQUIA	VALPARAÍSO	5	5.61469852347000042	-75.624715195099995
5858	ANTIOQUIA	VEGACHÍ	5	6.7671621993100004	-74.7932517607000023
5861	ANTIOQUIA	VENECIA	5	5.96308592566999973	-75.7345341046000016
5873	ANTIOQUIA	VIGÍA DEL FUERTE	5	6.58879411269999959	-76.8963475885000065
5885	ANTIOQUIA	YALÍ	5	6.66825257997999987	-74.8411747571000063
5887	ANTIOQUIA	YARUMAL	5	6.96557970001000015	-75.4195984061999951
5890	ANTIOQUIA	YOLOMBÓ	5	6.59468858166999983	-75.0135287985000048
5893	ANTIOQUIA	YONDÓ	5	7.00260352994000002	-73.9098900751999963
5895	ANTIOQUIA	ZARAGOZA	5	7.48814967199999959	-74.8679617402000019
8001	ATLÁNTICO	BARRANQUILLA	8	10.9796493946999991	-74.8187880943000039
8137	ATLÁNTICO	CAMPO DE LA CRUZ	8	10.3786231058999991	-74.881251955099998
8141	ATLÁNTICO	CANDELARIA	8	10.4591778633000008	-74.8791248338000059
8296	ATLÁNTICO	GALAPA	8	10.9042960532999995	-74.8831352333999973
8372	ATLÁNTICO	JUAN DE ACOSTA	8	10.8299007843999995	-75.0321458391999982
8421	ATLÁNTICO	LURUACO	8	10.6108621962999994	-75.1423516448000015
8433	ATLÁNTICO	MALAMBO	8	10.8346127212999992	-74.7664887459999932
8436	ATLÁNTICO	MANATÍ	8	10.4470465577000002	-74.9594114052000009
8520	ATLÁNTICO	PALMAR DE VARELA	8	10.7406020820000006	-74.7537459301999974
8549	ATLÁNTICO	PIOJÓ	8	10.7492003135999994	-75.1080656320999935
8558	ATLÁNTICO	POLONUEVO	8	10.7769967553000008	-74.8538865194000067
8560	ATLÁNTICO	PONEDERA	8	10.6419178279000004	-74.7493964436999931
8573	ATLÁNTICO	PUERTO COLOMBIA	8	10.9855255231999998	-74.9587617808000033
8606	ATLÁNTICO	REPELÓN	8	10.4943070643999992	-75.1245913597000055
8634	ATLÁNTICO	SABANAGRANDE	8	10.7907678504	-74.756848699599999
8638	ATLÁNTICO	SABANALARGA	8	10.6338334110999995	-74.9206251244000043
8675	ATLÁNTICO	SANTA LUCÍA	8	10.3262870930999995	-74.9637240647000027
8685	ATLÁNTICO	SANTO TOMÁS	8	10.7580629352999999	-74.7524390475000047
8758	ATLÁNTICO	SOLEDAD	8	10.9056320841000005	-74.7923421864000062
8770	ATLÁNTICO	SUAN	8	10.3336984850999993	-74.880123143299997
8832	ATLÁNTICO	TUBARÁ	8	10.8739845527999996	-74.9786114088000062
11001	BOGOTÁ, D.C.	BOGOTÁ, D.C.	11	4.62457504963999977	-74.1139187163000059
13001	BOLÍVAR	CARTAGENA DE INDIAS	13	10.3988164843999993	-75.5012292159999987
13006	BOLÍVAR	ACHÍ	13	8.56785243036999944	-74.555491767999996
13030	BOLÍVAR	ALTOS DEL ROSARIO	13	8.79246616098999922	-74.1652349915000002
13042	BOLÍVAR	ARENAL	13	8.4591438373999992	-73.9432783650999994
13052	BOLÍVAR	ARJONA	13	10.2572499523000005	-75.345527596300002
13062	BOLÍVAR	ARROYOHONDO	13	10.2518817293000009	-75.0197602573000069
13074	BOLÍVAR	BARRANCO DE LOBA	13	8.94457766052000025	-74.1031310792999989
13140	BOLÍVAR	CALAMAR	13	10.2510248106000006	-74.913809567499996
13160	BOLÍVAR	CANTAGALLO	13	7.37289896301999992	-73.9244280444000026
13188	BOLÍVAR	CICUCO	13	9.27539872866000081	-74.6455241002000065
13212	BOLÍVAR	CÓRDOBA	13	9.58662299510000082	-74.8275074562999976
13222	BOLÍVAR	CLEMENCIA	13	10.5676323296000003	-75.3256686195999947
13244	BOLÍVAR	EL CARMEN DE BOLÍVAR	13	9.7180342209900008	-75.1211388324999945
13248	BOLÍVAR	EL GUAMO	13	10.0322476607999995	-74.9756441962999958
13268	BOLÍVAR	EL PEÑÓN	13	8.98905859225000015	-73.9497518751999934
13300	BOLÍVAR	HATILLO DE LOBA	13	8.9559042802200004	-74.0754398317999971
13430	BOLÍVAR	MAGANGUÉ	13	9.24136746631000072	-74.7556678556999969
13433	BOLÍVAR	MAHATES	13	10.2331675046000008	-75.1906885946000045
13440	BOLÍVAR	MARGARITA	13	9.15914023622999984	-74.2937406329999988
13458	BOLÍVAR	MONTECRISTO	13	8.2933196101599993	-74.4758024507000016
13468	BOLÍVAR	MOMPÓS	13	9.24102197372000056	-74.4257994296000049
13473	BOLÍVAR	MORALES	13	8.27511976231999924	-73.867563938999993
13490	BOLÍVAR	NOROSÍ	13	8.52787744125000025	-74.0372601000999992
13549	BOLÍVAR	PINILLOS	13	8.91622811146999972	-74.4642008642999969
13580	BOLÍVAR	REGIDOR	13	8.66613059324999924	-73.8222028936999948
13600	BOLÍVAR	RÍO VIEJO	13	8.58918472541	-73.8376744605999988
13620	BOLÍVAR	SAN CRISTÓBAL	13	10.3938259563000006	-75.063293578300005
13647	BOLÍVAR	SAN ESTANISLAO	13	10.3982507971999993	-75.1500702017000037
13650	BOLÍVAR	SAN FERNANDO	13	9.21887135795999946	-74.334914826900004
13654	BOLÍVAR	SAN JACINTO	13	9.83065775252999963	-75.1217447993000036
13655	BOLÍVAR	SAN JACINTO DEL CAUCA	13	8.24948231978999935	-74.7235512386999972
13657	BOLÍVAR	SAN JUAN NEPOMUCENO	13	9.95138127677000028	-75.0836663041999941
13667	BOLÍVAR	SAN MARTÍN DE LOBA	13	8.9371648134400008	-74.038254518100004
13670	BOLÍVAR	SAN PABLO	13	7.47747543627999978	-73.9245578327000032
13673	BOLÍVAR	SANTA CATALINA	13	10.6032668769999994	-75.2903852668000013
13683	BOLÍVAR	SANTA ROSA	13	10.4454727188999996	-75.3691024297999945
13688	BOLÍVAR	SANTA ROSA DEL SUR	13	7.96319110324999979	-74.0514460679000024
13744	BOLÍVAR	SIMITÍ	13	7.9552201356700003	-73.9463661067999993
13760	BOLÍVAR	SOPLAVIENTO	13	10.3894223652999997	-75.1393732217999997
13810	BOLÍVAR	TIQUISIO	13	8.5564672052800006	-74.2647877149999971
13836	BOLÍVAR	TURBACO	13	10.3357902885000001	-75.4155469088999979
13873	BOLÍVAR	VILLANUEVA	13	10.4444526308000007	-75.2762219792000025
13894	BOLÍVAR	ZAMBRANO	13	9.75140245082999968	-74.8258813860999936
15001	BOYACÁ	TUNJA	15	5.53937063584000011	-73.3543638186000067
15022	BOYACÁ	ALMEIDA	15	4.97124101468000035	-73.3787857954999936
15047	BOYACÁ	AQUITANIA	15	5.51831038890999981	-72.884350515099996
15051	BOYACÁ	ARCABUCO	15	5.75661447167999984	-73.4396912192000002
15087	BOYACÁ	BELÉN	15	5.98833686522999997	-72.9112545697000058
15090	BOYACÁ	BERBEO	15	5.22715204020000002	-73.1268643510999965
15092	BOYACÁ	BETÉITIVA	15	5.91081053448000038	-72.8089600105000017
15097	BOYACÁ	BOAVITA	15	6.33067803458	-72.5847752243000031
15104	BOYACÁ	BOYACÁ	15	5.45455383227000024	-73.3620268275000029
15106	BOYACÁ	BRICEÑO	15	5.69016431203000028	-73.9233039987000069
15114	BOYACÁ	BUSBANZÁ	15	5.83037889420999988	-72.8838834271000025
15131	BOYACÁ	CALDAS	15	5.55446875144999996	-73.865310346399994
15135	BOYACÁ	CAMPOHERMOSO	15	5.03063004867999997	-73.103518210499999
15162	BOYACÁ	CERINZA	15	5.95597675199999976	-72.9477205035999958
15172	BOYACÁ	CHINAVITA	15	5.16741662867999985	-73.3686289378999987
15176	BOYACÁ	CHIQUINQUIRÁ	15	5.61485105697000009	-73.8187107146000017
15180	BOYACÁ	CHISCAS	15	6.55349164254000005	-72.5002931533999941
15183	BOYACÁ	CHITA	15	6.1874240806299996	-72.4735580540999962
15185	BOYACÁ	CHITARAQUE	15	6.02747548905000041	-73.4469293634000024
15187	BOYACÁ	CHIVATÁ	15	5.56040152607999971	-73.2808946231999983
15189	BOYACÁ	CIÉNEGA	15	5.40952113356000019	-73.2960896761999976
15204	BOYACÁ	CÓMBITA	15	5.63433421600000006	-73.3238423343999983
15212	BOYACÁ	COPER	15	5.47539237979999971	-74.0450352905999978
15215	BOYACÁ	CORRALES	15	5.82808297937000042	-72.8448075296000042
15218	BOYACÁ	COVARACHÍA	15	6.50027200205	-72.7389949185999996
15223	BOYACÁ	CUBARÁ	15	7.00373327285999991	-72.1060298044999968
15224	BOYACÁ	CUCAITA	15	5.54301842098000019	-73.4542000809999962
15226	BOYACÁ	CUÍTIVA	15	5.5802641113	-72.9661286503000071
15232	BOYACÁ	CHÍQUIZA	15	5.60440241797000027	-73.4857203285999958
15236	BOYACÁ	CHIVOR	15	4.88876763021000027	-73.3698003698000036
15238	BOYACÁ	DUITAMA	15	5.81936914099000013	-73.0302686329000039
15248	BOYACÁ	EL ESPINO	15	6.48261313969999975	-72.4963221128000015
15272	BOYACÁ	FIRAVITOBA	15	5.66912083496000019	-72.9937203958999987
15276	BOYACÁ	FLORESTA	15	5.85943916567999956	-72.9190391026999976
15293	BOYACÁ	GACHANTIVÁ	15	5.75196804738000012	-73.5493153358000029
15296	BOYACÁ	GÁMEZA	15	5.80283711497999999	-72.8062102157000055
15299	BOYACÁ	GARAGOA	15	5.08228084884999998	-73.3647669701999945
15317	BOYACÁ	GUACAMAYAS	15	6.45971197395000019	-72.5006002129999985
15322	BOYACÁ	GUATEQUE	15	5.00708724992999965	-73.4722844817000009
15325	BOYACÁ	GUAYATÁ	15	4.96682008754000037	-73.4901186533000015
15332	BOYACÁ	GÜICÁN	15	6.46292958741999968	-72.4120601319000059
15362	BOYACÁ	IZA	15	5.61235844867000022	-72.9796484027999952
15367	BOYACÁ	JENESANO	15	5.38487936219000041	-73.3639584567000043
15368	BOYACÁ	JERICÓ	15	6.1461049084399999	-72.5719920110999936
15377	BOYACÁ	LABRANZAGRANDE	15	5.56235834207999957	-72.5775941244999956
15380	BOYACÁ	LA CAPILLA	15	5.09555866962999993	-73.4450106289999951
15401	BOYACÁ	LA VICTORIA	15	5.52314917168000008	-74.2345974038999969
15403	BOYACÁ	LA UVITA	15	6.31679484036000005	-72.5594378649000049
15407	BOYACÁ	VILLA DE LEYVA	15	5.63623795956999984	-73.5264455073999983
15425	BOYACÁ	MACANAL	15	4.9722173309500004	-73.3195211820000026
15442	BOYACÁ	MARIPÍ	15	5.5492927724900003	-74.0046488073000006
15464	BOYACÁ	MONGUA	15	5.75283042742000017	-72.8002051308999967
15466	BOYACÁ	MONGUÍ	15	5.72336164371999967	-72.8488798847999988
15469	BOYACÁ	MONIQUIRÁ	15	5.8737648678900003	-73.5741080326999963
15476	BOYACÁ	MOTAVITA	15	5.57754426501000022	-73.3681498023999978
15480	BOYACÁ	MUZO	15	5.53127931394999983	-74.1030009906999965
15491	BOYACÁ	NOBSA	15	5.77057113804000021	-72.9402607274000019
15494	BOYACÁ	NUEVO COLÓN	15	5.35506695616999995	-73.4570665385000012
15500	BOYACÁ	OICATÁ	15	5.59440917568000007	-73.3077536802999958
15507	BOYACÁ	OTANCHE	15	5.65799269911000025	-74.1813101814999953
15511	BOYACÁ	PACHAVITA	15	5.14022874451999989	-73.3971076544000027
15514	BOYACÁ	PÁEZ	15	5.10066041399000003	-73.0520005719999972
15516	BOYACÁ	PAIPA	15	5.78048910057999965	-73.1167437822000039
15518	BOYACÁ	PAJARITO	15	5.29380067177999969	-72.7025663298000069
15522	BOYACÁ	PANQUEBA	15	6.44256891346999971	-72.4589391962000064
15531	BOYACÁ	PAUNA	15	5.65653655177000037	-73.9785815826000004
15533	BOYACÁ	PAYA	15	5.62639521380000041	-72.4223160797999981
15537	BOYACÁ	PAZ DE RÍO	15	5.98807090612999993	-72.7475252291000061
15542	BOYACÁ	PESCA	15	5.55868752792000009	-73.0506634279999929
15550	BOYACÁ	PISBA	15	5.72305842393000042	-72.4831827808999947
15580	BOYACÁ	QUÍPAMA	15	5.52344696290999959	-74.1791669140000067
15599	BOYACÁ	RAMIRIQUÍ	15	5.40117777129000043	-73.3354655532999971
15600	BOYACÁ	RÁQUIRA	15	5.53873793625000044	-73.6322885637000013
15621	BOYACÁ	RONDÓN	15	5.35703603852000043	-73.2085952061
15632	BOYACÁ	SABOYÁ	15	5.69689929345999957	-73.7629174334999931
15638	BOYACÁ	SÁCHICA	15	5.58303012051000014	-73.5425258613999944
15646	BOYACÁ	SAMACÁ	15	5.49262740357000023	-73.485971456200005
15660	BOYACÁ	SAN EDUARDO	15	5.22420661716000012	-73.0766026378999953
15664	BOYACÁ	SAN JOSÉ DE PARE	15	6.01961048938999976	-73.5434490917999995
15667	BOYACÁ	SAN LUIS DE GACENO	15	4.81870508097000005	-73.1688722705000032
15673	BOYACÁ	SAN MATEO	15	6.40183421352999993	-72.5549428659000029
15676	BOYACÁ	SAN MIGUEL DE SEMA	15	5.51772942922000009	-73.7219924848999995
15681	BOYACÁ	SAN PABLO DE BORBUR	15	5.65901775705999999	-74.0665923316999937
15686	BOYACÁ	SANTANA	15	6.05756992730000032	-73.4818524572000058
15690	BOYACÁ	SANTA MARÍA	15	4.8576006406200003	-73.263258762199996
15693	BOYACÁ	SANTA ROSA DE VITERBO	15	5.87473860404000003	-72.9823863594999978
15696	BOYACÁ	SANTA SOFÍA	15	5.71227372283000001	-73.6041820359999974
15720	BOYACÁ	SATIVANORTE	15	6.1315209519399998	-72.7078717764999993
15723	BOYACÁ	SATIVASUR	15	6.09323440400000038	-72.7120698535999992
15740	BOYACÁ	SIACHOQUE	15	5.5110190010100002	-73.2451885941
15753	BOYACÁ	SOATÁ	15	6.3336541858500004	-72.6833174046000039
15755	BOYACÁ	SOCOTÁ	15	6.04117539593999986	-72.6364603722000055
15761	BOYACÁ	SOMONDOCO	15	4.98580939218000019	-73.4333122290999967
15762	BOYACÁ	SORA	15	5.56685654074999992	-73.4498672628999998
15763	BOYACÁ	SOTAQUIRÁ	15	5.76516635172999958	-73.2472261796000055
15764	BOYACÁ	SORACÁ	15	5.5010843168300001	-73.3328154952999967
15774	BOYACÁ	SUSACÓN	15	6.23077473659999992	-72.6897880302999937
15776	BOYACÁ	SUTAMARCHÁN	15	5.62014390877000025	-73.6205637062000022
15778	BOYACÁ	SUTATENZA	15	5.02324263102999957	-73.452046721399995
15790	BOYACÁ	TASCO	15	5.90898896373999971	-72.7823725547000038
15798	BOYACÁ	TENZA	15	5.07683156620000009	-73.4216511523000008
15804	BOYACÁ	TIBANÁ	15	5.3161844652600001	-73.3967445026000007
15806	BOYACÁ	TIBASOSA	15	5.7471541431900004	-72.9996464965999934
15808	BOYACÁ	TINJACÁ	15	5.57901932907000031	-73.6471490955999997
15810	BOYACÁ	TIPACOQUE	15	6.41502583025000028	-72.6901923301000039
15814	BOYACÁ	TOCA	15	5.56541863785999968	-73.1845174633999989
15816	BOYACÁ	TOGÜÍ	15	5.93754576968999981	-73.513571916199993
15820	BOYACÁ	TÓPAGA	15	5.76927431897999998	-72.8333505555000045
15822	BOYACÁ	TOTA	15	5.56087990488000017	-72.9854281572000048
15835	BOYACÁ	TURMEQUÉ	15	5.32384575013000028	-73.4885656968999967
15837	BOYACÁ	TUTA	15	5.69072807998000041	-73.2258853681999966
15839	BOYACÁ	TUTAZÁ	15	6.03194217186999992	-72.8572505571000022
15842	BOYACÁ	ÚMBITA	15	5.21775307518000009	-73.4574526682000055
15861	BOYACÁ	VENTAQUEMADA	15	5.36925188265000042	-73.5206324063999972
15879	BOYACÁ	VIRACACHÁ	15	5.43670756256999965	-73.2966647004000009
15897	BOYACÁ	ZETAQUIRA	15	5.28434656468999986	-73.1720299684999986
17001	CALDAS	MANIZALES	17	5.05705056378999984	-75.4904150625000057
17013	CALDAS	AGUADAS	17	5.61260368279999966	-75.4557265650000062
17042	CALDAS	ANSERMA	17	5.23807382965000023	-75.7839965823000057
17050	CALDAS	ARANZAZU	17	5.27130438492999964	-75.490777311100004
17088	CALDAS	BELALCÁZAR	17	4.99517768145000041	-75.8038072984000024
17174	CALDAS	CHINCHINÁ	17	4.98551800459000027	-75.6063849662999985
17272	CALDAS	FILADELFIA	17	5.29735027785999968	-75.5622822370000051
17380	CALDAS	LA DORADA	17	5.44389999407999969	-74.674452152300006
17388	CALDAS	LA MERCED	17	5.39480455965999983	-75.5473481633000006
17433	CALDAS	MANZANARES	17	5.25410160581999985	-75.1535019917999989
17442	CALDAS	MARMATO	17	5.47433367144000016	-75.5996904187999945
17446	CALDAS	MARULANDA	17	5.28351076020000043	-75.2583253250000013
17486	CALDAS	NEIRA	17	5.16641593632999996	-75.519769322800002
17495	CALDAS	NORCASIA	17	5.57527637200000026	-74.889179624199997
17513	CALDAS	PÁCORA	17	5.52868689558999993	-75.4600089101000009
17524	CALDAS	PALESTINA	17	5.01911634390000039	-75.6211133950999965
17541	CALDAS	PENSILVANIA	17	5.38371851682000013	-75.1592944960000011
17614	CALDAS	RIOSUCIO	17	5.42395347461000021	-75.7023188489000063
17616	CALDAS	RISARALDA	17	5.15940031424000001	-75.7706314648000046
17653	CALDAS	SALAMINA	17	5.40260148860000022	-75.4871709557999964
17662	CALDAS	SAMANÁ	17	5.41307433333999999	-74.9923802604999992
17665	CALDAS	SAN JOSÉ	17	5.08264286212000016	-75.7916509882000042
17777	CALDAS	SUPÍA	17	5.44609993376000023	-75.6494662089999963
17867	CALDAS	VICTORIA	17	5.31706445035000019	-74.9106926321999964
17873	CALDAS	VILLAMARÍA	17	5.03916965231000002	-75.4898102931000068
17877	CALDAS	VITERBO	17	5.06286441938000031	-75.8707592879000003
18001	CAQUETÁ	FLORENCIA	18	1.61582907928000008	-75.6079932658000047
18029	CAQUETÁ	ALBANIA	18	1.32903377181000004	-75.8786522146999971
18150	CAQUETÁ	CARTAGENA DEL CHAIRÁ	18	1.33401940730000002	-74.8475720156999955
18205	CAQUETÁ	CURILLO	18	1.03365529501999998	-75.9203547685000046
18247	CAQUETÁ	EL DONCELLO	18	1.67906350714999997	-75.282837366199999
18256	CAQUETÁ	EL PAUJÍL	18	1.57049113684000008	-75.3267456511999995
18410	CAQUETÁ	LA MONTAÑITA	18	1.48833022078999999	-75.4361470336999957
18460	CAQUETÁ	MILÁN	18	1.29064424048000004	-75.5075303109999965
18479	CAQUETÁ	MORELIA	18	1.48803902536999999	-75.7265584717000024
18592	CAQUETÁ	PUERTO RICO	18	1.9109186199799999	-75.1580393577000052
18610	CAQUETÁ	SAN JOSÉ DEL FRAGUA	18	1.33172583848999992	-75.9736618541000013
18753	CAQUETÁ	SAN VICENTE DEL CAGUÁN	18	2.11341773832999991	-74.7719596917000047
18756	CAQUETÁ	SOLANO	18	0.699015532577999976	-75.253586075900003
18785	CAQUETÁ	SOLITA	18	0.87265002036799999	-75.6199809568999939
18860	CAQUETÁ	VALPARAÍSO	18	1.19761525166000005	-75.7053662852000002
19001	CAUCA	POPAYÁN	19	2.44823960488999992	-76.6247876409999975
19022	CAUCA	ALMAGUER	19	1.91525377527000007	-76.8528174101000019
19050	CAUCA	ARGELIA	19	2.25554956676000007	-77.2490752263999951
19075	CAUCA	BALBOA	19	2.04139355857999982	-77.2165412102999937
19100	CAUCA	BOLÍVAR	19	1.8375627029299999	-76.9667571992000035
19110	CAUCA	BUENOS AIRES	19	3.01602440527000004	-76.6425464034000044
19130	CAUCA	CAJIBÍO	19	2.62303108856999989	-76.5703856420000051
19137	CAUCA	CALDONO	19	2.79750888116000018	-76.4847018162000012
19142	CAUCA	CALOTO	19	3.03315836268000005	-76.4084846039999945
19212	CAUCA	CORINTO	19	3.17565160975000005	-76.2616272806999973
19256	CAUCA	EL TAMBO	19	2.45242884925999993	-76.8114006187999934
19290	CAUCA	FLORENCIA	19	1.6830353979299999	-77.0727537602000012
19300	CAUCA	GUACHENÉ	19	3.13363641725999997	-76.3960623061000064
19318	CAUCA	GUAPÍ	19	2.5719899809600002	-77.8854667538000029
19355	CAUCA	INZÁ	19	2.54873811500999992	-76.0639665737000001
19364	CAUCA	JAMBALÓ	19	2.77802100734000001	-76.3244074326999993
19397	CAUCA	LA VEGA	19	2.00463839074999983	-76.781503739200005
19418	CAUCA	LÓPEZ DE MICAY	19	2.8459166251100001	-77.2482770971000008
19450	CAUCA	MERCADERES	19	1.80307505354999997	-77.1687293641000025
19455	CAUCA	MIRANDA	19	3.25189406596000019	-76.2296704280000057
19473	CAUCA	MORALES	19	2.7493060250200001	-76.6255849080999951
19513	CAUCA	PADILLA	19	3.2229973156199998	-76.3130175882999993
19517	CAUCA	PÁEZ	19	2.64531146531999983	-75.9719235641999973
19532	CAUCA	PATÍA	19	2.11308139068000012	-76.9856818172000033
19533	CAUCA	PIAMONTE	19	1.11567690786999996	-76.3267213883000011
19548	CAUCA	PIENDAMÓ	19	2.63758943296000004	-76.5273955373999968
19573	CAUCA	PUERTO TEJADA	19	3.23265929317999978	-76.4170683658000058
19585	CAUCA	PURACÉ	19	2.34259523424000005	-76.4969180467000029
19622	CAUCA	ROSAS	19	2.26172005205999982	-76.738879966799999
19693	CAUCA	SAN SEBASTIÁN	19	1.8385006664900001	-76.768776706500006
19743	CAUCA	SILVIA	19	2.61512301644000011	-76.3727784185000047
19760	CAUCA	SOTARA	19	2.25321720309000018	-76.6141709676000033
19780	CAUCA	SUÁREZ	19	2.95488168765999992	-76.6958297829999935
19785	CAUCA	SUCRE	19	2.03811060637000008	-76.9255077940999996
19807	CAUCA	TIMBÍO	19	2.3497206144599998	-76.6778696915000069
19809	CAUCA	TIMBIQUÍ	19	2.78035661749999985	-77.6706359846999987
19821	CAUCA	TORIBÍO	19	2.95370196905999993	-76.2704930209000054
19824	CAUCA	TOTORÓ	19	2.51119762737000007	-76.3981705509000051
20001	CESAR	VALLEDUPAR	20	10.4615184337000002	-73.2586483431000062
20011	CESAR	AGUACHICA	20	8.31012096929000066	-73.6013004495000018
20013	CESAR	AGUSTÍN CODAZZI	20	10.0403645547	-73.237431448600006
20032	CESAR	ASTREA	20	9.49533435312999963	-73.975390025400003
20045	CESAR	BECERRIL	20	9.70413367081000011	-73.2781073362999962
20060	CESAR	BOSCONIA	20	9.97437199422999932	-73.8880419259999996
20175	CESAR	CHIMICHAGUA	20	9.25788108194999992	-73.8130833028999973
20178	CESAR	CHIRIGUANÁ	20	9.36137942000999956	-73.6009132147000003
20228	CESAR	CURUMANÍ	20	9.20033978410000053	-73.5413642737999993
20238	CESAR	EL COPEY	20	10.1491321093	-73.9613702508000017
20250	CESAR	EL PASO	20	9.66187835650999993	-73.7464543127999974
20295	CESAR	GAMARRA	20	8.32160639331000063	-73.7425300764000013
20310	CESAR	GONZÁLEZ	20	8.39128097919000027	-73.3820895960000001
20383	CESAR	LA GLORIA	20	8.61801512913000067	-73.8011114103999972
20400	CESAR	LA JAGUA DE IBIRICO	20	9.56286705626	-73.3355518106999966
20443	CESAR	MANAURE BALCÓN DEL CESAR	20	10.3907483153999998	-73.0288341010000011
20517	CESAR	PAILITAS	20	8.95604299452000063	-73.6253987915000039
20550	CESAR	PELAYA	20	8.68732471865000022	-73.6618306329999939
20570	CESAR	PUEBLO BELLO	20	10.4149687930999999	-73.5870059442000013
20614	CESAR	RÍO DE ORO	20	8.29205395596999928	-73.3870705262000058
20621	CESAR	LA PAZ	20	10.3864677932999996	-73.1726913052000043
20750	CESAR	SAN DIEGO	20	10.3336927782999997	-73.1807287956000039
20770	CESAR	SAN MARTÍN	20	8.00348637253000028	-73.5127365856999972
20787	CESAR	TAMALAMEQUE	20	8.86239230037999981	-73.8118501694000031
23001	CÓRDOBA	MONTERÍA	23	8.7499166632600005	-75.8956393314000053
23068	CÓRDOBA	AYAPEL	23	8.31113196141999921	-75.1470116378999933
23079	CÓRDOBA	BUENAVISTA	23	8.22219355708000066	-75.4796876869999949
23090	CÓRDOBA	CANALETE	23	8.78760091744999983	-76.2407532603999982
23162	CÓRDOBA	CERETÉ	23	8.88666155327000062	-75.7918818625999933
23168	CÓRDOBA	CHIMÁ	23	9.14934447081000002	-75.6273818148000032
23182	CÓRDOBA	CHINÚ	23	9.10415277265999912	-75.4016749241999946
23189	CÓRDOBA	CIÉNAGA DE ORO	23	8.87817659517999935	-75.6221093385999978
23300	CÓRDOBA	COTORRA	23	9.04026968267999997	-75.785568070599993
23350	CÓRDOBA	LA APARTADA	23	8.04435931303999929	-75.3338152962000009
23417	CÓRDOBA	LORICA	23	9.2403680998100004	-75.8168895443999986
23419	CÓRDOBA	LOS CÓRDOBAS	23	8.89510878077000022	-76.3547099919999965
23464	CÓRDOBA	MOMIL	23	9.2400215691300005	-75.6766729838000032
23466	CÓRDOBA	MONTELÍBANO	23	7.98570061465999981	-75.4088497208999939
23500	CÓRDOBA	MOÑITOS	23	9.24470996414000012	-76.134916122000007
23555	CÓRDOBA	PLANETA RICA	23	8.41130405874000076	-75.5840214950000018
23574	CÓRDOBA	PUERTO ESCONDIDO	23	9.00219120432000075	-76.2614747183999953
23580	CÓRDOBA	PUERTO LIBERTADOR	23	7.88927921391000009	-75.6720222869000025
23586	CÓRDOBA	PURÍSIMA DE LA CONCEPCIÓN	23	9.23854883821999984	-75.7232045562000025
23660	CÓRDOBA	SAHAGÚN	23	8.94250255224000057	-75.4367940270000048
23670	CÓRDOBA	SAN ANDRÉS DE SOTAVENTO	23	9.14488624682999962	-75.5086994626000063
23672	CÓRDOBA	SAN ANTERO	23	9.37093254540000054	-75.7622019669999958
23675	CÓRDOBA	SAN BERNARDO DEL VIENTO	23	9.35387799341999937	-75.9540444904999958
23678	CÓRDOBA	SAN CARLOS	23	8.79921910630999982	-75.6990287551000023
23682	CÓRDOBA	SAN JOSÉ DE URÉ	23	7.78698363942999983	-75.5348549889999958
23686	CÓRDOBA	SAN PELAYO	23	8.95261525797000068	-75.8322173184999997
23807	CÓRDOBA	TIERRALTA	23	8.1722465479499995	-76.0623166279000031
23815	CÓRDOBA	TUCHÍN	23	9.18691768897000038	-75.552658303100003
23855	CÓRDOBA	VALENCIA	23	8.25735182412999968	-76.1479385245999936
25001	CUNDINAMARCA	AGUA DE DIOS	25	4.37585313347999971	-74.6695456055000051
25019	CUNDINAMARCA	ALBÁN	25	4.87608226929000033	-74.4366988598000034
25035	CUNDINAMARCA	ANAPOIMA	25	4.56299758972000014	-74.5306692069000007
25040	CUNDINAMARCA	ANOLAIMA	25	4.76166116784999982	-74.463780650299995
25053	CUNDINAMARCA	ARBELÁEZ	25	4.27225989155000008	-74.4160840124999936
25086	CUNDINAMARCA	BELTRÁN	25	4.80268769975999987	-74.7412351204000061
25095	CUNDINAMARCA	BITUIMA	25	4.87203567751000044	-74.5396970208000056
25120	CUNDINAMARCA	CABRERA	25	3.98482848051000005	-74.484283763199997
25123	CUNDINAMARCA	CACHIPAY	25	4.73092890716000003	-74.4359526602000017
25126	CUNDINAMARCA	CAJICÁ	25	4.92087291414000028	-74.023636534299996
25148	CUNDINAMARCA	CAPARRAPÍ	25	5.34357122073000035	-74.4921952723999965
25151	CUNDINAMARCA	CÁQUEZA	25	4.40366546921999991	-73.9465739176999932
25154	CUNDINAMARCA	CARMEN DE CARUPA	25	5.34908578767999998	-73.9009831039000034
25168	CUNDINAMARCA	CHAGUANÍ	25	4.94773060063999992	-74.5927144620000036
25175	CUNDINAMARCA	CHÍA	25	4.8658020715100001	-74.0496481881999955
25178	CUNDINAMARCA	CHIPAQUE	25	4.44253070667000038	-74.0445981736999954
25181	CUNDINAMARCA	CHOACHÍ	25	4.52901585653000005	-73.9229671901999978
25183	CUNDINAMARCA	CHOCONTÁ	25	5.1448585695200002	-73.6832205257999959
25200	CUNDINAMARCA	COGUA	25	5.06180883194999964	-73.9782582487000013
25214	CUNDINAMARCA	COTA	25	4.80870096810000014	-74.1029336394000069
25224	CUNDINAMARCA	CUCUNUBÁ	25	5.25059033206999981	-73.7663106119999981
25245	CUNDINAMARCA	EL COLEGIO	25	4.57826466852000014	-74.4427395120000028
25258	CUNDINAMARCA	EL PEÑÓN	25	5.24908341275000012	-74.2901625904000014
25260	CUNDINAMARCA	EL ROSAL	25	4.85239455376999995	-74.2619231756000033
25269	CUNDINAMARCA	FACATATIVÁ	25	4.81224201457999978	-74.3510146904999942
25279	CUNDINAMARCA	FÓMEQUE	25	4.48489559981999975	-73.8927335149000015
25281	CUNDINAMARCA	FOSCA	25	4.33873601179000001	-73.9392954782999965
25288	CUNDINAMARCA	FÚQUENE	25	5.40400391041000017	-73.7958097987999935
25290	CUNDINAMARCA	FUSAGASUGÁ	25	4.33774814192999969	-74.3663679701000007
25293	CUNDINAMARCA	GACHALÁ	25	4.69319201434000011	-73.5208054784999945
41016	HUILA	AIPE	41	3.22356323875000017	-75.2411436020999957
25297	CUNDINAMARCA	GACHETÁ	25	4.8163297570200001	-73.6364864260000047
25299	CUNDINAMARCA	GAMA	25	4.76258311838000026	-73.6107849968000068
25307	CUNDINAMARCA	GIRARDOT	25	4.30370548896000038	-74.8104629425999974
25312	CUNDINAMARCA	GRANADA	25	4.51964068690999987	-74.3507494578999939
25317	CUNDINAMARCA	GUACHETÁ	25	5.38359008958000018	-73.6868961185000018
25320	CUNDINAMARCA	GUADUAS	25	5.07248999375999965	-74.6034145510000002
25322	CUNDINAMARCA	GUASCA	25	4.86754875217000027	-73.8780690509999971
25324	CUNDINAMARCA	GUATAQUÍ	25	4.5181041583599999	-74.7903274635999935
25326	CUNDINAMARCA	GUATAVITA	25	4.93396486437000004	-73.8333374513999985
25328	CUNDINAMARCA	GUAYABAL DE SÍQUIMA	25	4.87794137161000041	-74.4673483565999987
25335	CUNDINAMARCA	GUAYABETAL	25	4.21706945860000015	-73.8170325454999983
25339	CUNDINAMARCA	GUTIÉRREZ	25	4.25493902272000035	-74.0029868080000028
25368	CUNDINAMARCA	JERUSALÉN	25	4.56243784729000001	-74.6946601121999976
25372	CUNDINAMARCA	JUNÍN	25	4.79029733470999997	-73.6629736510000015
25377	CUNDINAMARCA	LA CALERA	25	4.72014400857000016	-73.9701238853999996
25386	CUNDINAMARCA	LA MESA	25	4.63537372116999968	-74.4542881209000029
25394	CUNDINAMARCA	LA PALMA	25	5.35896522525000041	-74.3909112772000043
25402	CUNDINAMARCA	LA VEGA	25	4.9905427039700001	-74.3311543673000017
25407	CUNDINAMARCA	LENGUAZAQUE	25	5.30602649574000029	-73.7114452271000005
25426	CUNDINAMARCA	MACHETÁ	25	5.07991549030000034	-73.606509154500003
25430	CUNDINAMARCA	MADRID	25	4.73284520314000012	-74.2667554524000053
25436	CUNDINAMARCA	MANTA	25	5.00919863012000022	-73.5404699987000043
25438	CUNDINAMARCA	MEDINA	25	4.50865387795999961	-73.3505279079000019
25473	CUNDINAMARCA	MOSQUERA	25	4.7143046252399996	-74.2282684726999946
25483	CUNDINAMARCA	NARIÑO	25	4.39920338243999964	-74.8267466424999981
25486	CUNDINAMARCA	NEMOCÓN	25	5.0675918100699997	-73.8788906876000055
25488	CUNDINAMARCA	NILO	25	4.30686374053999987	-74.6205087644000002
25489	CUNDINAMARCA	NIMAIMA	25	5.12592170134000025	-74.3866002202999965
25491	CUNDINAMARCA	NOCAIMA	25	5.06941560617999976	-74.3774736098000062
25506	CUNDINAMARCA	VENECIA	25	4.08916639341000021	-74.4777195336999966
25513	CUNDINAMARCA	PACHO	25	5.15082000930000028	-74.1461795403999986
25518	CUNDINAMARCA	PAIME	25	5.37082031799999982	-74.1528046237000069
25524	CUNDINAMARCA	PANDI	25	4.19123152625000017	-74.4867344586999991
25530	CUNDINAMARCA	PARATEBUENO	25	4.37502628852999997	-73.2128638635000044
25535	CUNDINAMARCA	PASCA	25	4.31027283605000022	-74.3049760037999931
25580	CUNDINAMARCA	PULÍ	25	4.68153163114000037	-74.7149545600999971
25592	CUNDINAMARCA	QUEBRADANEGRA	25	5.11823402804999983	-74.4799157398999938
25594	CUNDINAMARCA	QUETAME	25	4.32984569491000038	-73.8629352740999963
25596	CUNDINAMARCA	QUIPILE	25	4.74473435999999982	-74.5334510616000046
25599	CUNDINAMARCA	APULO	25	4.52796012334999975	-74.5892974772000059
25612	CUNDINAMARCA	RICAURTE	25	4.28409029974999989	-74.7739208227999939
25645	CUNDINAMARCA	SAN ANTONIO DEL TEQUENDAMA	25	4.61607411706000015	-74.3518163071999965
25649	CUNDINAMARCA	SAN BERNARDO	25	4.18027585645999977	-74.4245212300999981
25653	CUNDINAMARCA	SAN CAYETANO	25	5.33324877190000013	-74.0232151772000009
25658	CUNDINAMARCA	SAN FRANCISCO	25	4.97248326157999987	-74.2896976345000013
25662	CUNDINAMARCA	SAN JUAN DE RIOSECO	25	4.84725315286999958	-74.6216559049999972
25718	CUNDINAMARCA	SASAIMA	25	4.96211397458000025	-74.4329479076999974
25736	CUNDINAMARCA	SESQUILÉ	25	5.04519533910000018	-73.7967351845999957
25740	CUNDINAMARCA	SIBATÉ	25	4.48787134322000014	-74.2587493909999949
25743	CUNDINAMARCA	SILVANIA	25	4.38132922601000008	-74.4046368260000008
25745	CUNDINAMARCA	SIMIJACA	25	5.50477875194999999	-73.8501021220999974
25754	CUNDINAMARCA	SOACHA	25	4.58639001648000022	-74.1949015404999983
25758	CUNDINAMARCA	SOPÓ	25	4.90694243698999966	-73.9388852876000016
25769	CUNDINAMARCA	SUBACHOQUE	25	4.92837400479000021	-74.1722359630999932
25772	CUNDINAMARCA	SUESCA	25	5.10343692596999965	-73.7983610513000059
25777	CUNDINAMARCA	SUPATÁ	25	5.06181223997000007	-74.2358358078000009
25779	CUNDINAMARCA	SUSA	25	5.45327943346999966	-73.8136833668000065
25781	CUNDINAMARCA	SUTATAUSA	25	5.24736896170000033	-73.853008391399996
25785	CUNDINAMARCA	TABIO	25	4.91641734730000035	-74.0984754623000015
25797	CUNDINAMARCA	TENA	25	4.65526729449999976	-74.3896312413999965
25799	CUNDINAMARCA	TENJO	25	4.87171577268	-74.1434518171000008
25805	CUNDINAMARCA	TIBACUY	25	4.34801043663000009	-74.4525463160999976
25807	CUNDINAMARCA	TIBIRITA	25	5.05244592211000043	-73.5046538028999947
25815	CUNDINAMARCA	TOCAIMA	25	4.46092251893000036	-74.6359025106000047
25817	CUNDINAMARCA	TOCANCIPÁ	25	4.9651427481599999	-73.9117458064999937
25823	CUNDINAMARCA	TOPAIPÍ	25	5.33581787387999995	-74.3018757173999944
25839	CUNDINAMARCA	UBALÁ	25	4.74817719383000014	-73.5323067671999979
25841	CUNDINAMARCA	UBAQUE	25	4.48378896933999993	-73.9341737281000064
25843	CUNDINAMARCA	VILLA DE SAN DIEGO DE UBATÉ	25	5.30516427858000039	-73.8196124020000042
25845	CUNDINAMARCA	UNE	25	4.40260375844999974	-74.0252070678999985
25851	CUNDINAMARCA	ÚTICA	25	5.19089695391000028	-74.4835295387999992
25862	CUNDINAMARCA	VERGARA	25	5.11812063068	-74.3454678068000021
25867	CUNDINAMARCA	VIANÍ	25	4.87524411004999969	-74.5614873453999962
25871	CUNDINAMARCA	VILLAGÓMEZ	25	5.27318303948000011	-74.1951646544000027
25873	CUNDINAMARCA	VILLAPINZÓN	25	5.21481263032999998	-73.5968135964999988
25875	CUNDINAMARCA	VILLETA	25	5.00942832997000043	-74.4728933191999971
25878	CUNDINAMARCA	VIOTÁ	25	4.44050176756999981	-74.522956381900002
25885	CUNDINAMARCA	YACOPÍ	25	5.45953992921999998	-74.3384266367999942
25898	CUNDINAMARCA	ZIPACÓN	25	4.76009498132999997	-74.3794037268999944
27001	CHOCÓ	QUIBDÓ	27	5.69234946505000039	-76.651124632600002
27006	CHOCÓ	ACANDÍ	27	8.51094989589999962	-77.2786180631999997
27025	CHOCÓ	ALTO BAUDÓ	27	5.51548003908999984	-76.9757147309999965
27050	CHOCÓ	ATRATO	27	5.5311325201699999	-76.6361819731999958
27073	CHOCÓ	BAGADÓ	27	5.41171542089000024	-76.4159602739999997
27075	CHOCÓ	BAHÍA SOLANO	27	6.22447038480000003	-77.4037730964000019
27077	CHOCÓ	BAJO BAUDÓ	27	4.95394902999000042	-77.3643179099999969
27099	CHOCÓ	BOJAYÁ	27	6.5663886203099997	-76.8925022165999934
27135	CHOCÓ	EL CANTÓN DEL SAN PABLO	27	5.33538667137000022	-76.7272200613000024
27150	CHOCÓ	CARMEN DEL DARIÉN	27	7.15765915480000015	-76.9703396152000039
27160	CHOCÓ	CÉRTEGUI	27	5.37225046869999989	-76.6113920391999983
27205	CHOCÓ	CONDOTO	27	5.09350793861000017	-76.6465174313999995
27250	CHOCÓ	EL LITORAL DEL SAN JUAN	27	4.25519588917000036	-77.3638553429999973
27361	CHOCÓ	ISTMINA	27	5.15335100326000006	-76.6860015417999961
27372	CHOCÓ	JURADÓ	27	7.10603959523000039	-77.764617102599999
27413	CHOCÓ	LLORÓ	27	5.49996186169000012	-76.5425247368000043
27425	CHOCÓ	MEDIO ATRATO	27	5.99437489180999972	-76.7811624583000025
27430	CHOCÓ	MEDIO BAUDÓ	27	5.05093165679999956	-77.0523761409999963
27450	CHOCÓ	MEDIO SAN JUAN	27	5.09660896906000005	-76.6955301155999933
27491	CHOCÓ	NÓVITA	27	4.95609452730000033	-76.6070694538999959
27495	CHOCÓ	NUQUÍ	27	5.70573912126999971	-77.2702238383999997
27580	CHOCÓ	RÍO IRÓ	27	5.18546672085000004	-76.4723380556000052
27600	CHOCÓ	RÍO QUITO	27	5.48344068064000023	-76.739244266399993
27615	CHOCÓ	RIOSUCIO	27	7.4333827534500001	-77.1111098375999973
27660	CHOCÓ	SAN JOSÉ DEL PALMAR	27	4.89467123825999995	-76.2356696359999972
27745	CHOCÓ	SIPÍ	27	4.65411491722000026	-76.6433845475000055
27787	CHOCÓ	TADÓ	27	5.26542599352000007	-76.5547763050000043
27800	CHOCÓ	UNGUÍA	27	8.04363271503000021	-77.0932294832999929
27810	CHOCÓ	UNIÓN PANAMERICANA	27	5.28067211321999963	-76.6310530502999967
41001	HUILA	NEIVA	41	2.93554559251000002	-75.2779458693999999
41006	HUILA	ACEVEDO	41	1.80432742629999998	-75.8919935955999989
41013	HUILA	AGRADO	41	2.26001844092000015	-75.7710499139000007
41020	HUILA	ALGECIRAS	41	2.52255590498999993	-75.315694651900003
41026	HUILA	ALTAMIRA	41	2.06340890548000022	-75.7886555896999994
41132	HUILA	CAMPOALEGRE	41	2.68418035181999981	-75.3260352533000059
41206	HUILA	COLOMBIA	41	3.37652482144999988	-74.802895161500004
41244	HUILA	ELÍAS	41	2.01339620267000008	-75.9381064221999935
41298	HUILA	GARZÓN	41	2.1956528017100001	-75.6267382298999991
41306	HUILA	GIGANTE	41	2.38783133576000006	-75.5457294755999982
41319	HUILA	GUADALUPE	41	2.02297348548000011	-75.7590386418000037
41349	HUILA	HOBO	41	2.58346785393999978	-75.4526284390999962
41357	HUILA	ÍQUIRA	41	2.65000134507000018	-75.6350419181000007
41359	HUILA	ISNOS	41	1.93035577877000009	-76.2145418301000035
41378	HUILA	LA ARGENTINA	41	2.19897948866000004	-75.9791654498000071
41396	HUILA	LA PLATA	41	2.38932771847000014	-75.891112216099998
41483	HUILA	NÁTAGA	41	2.54618538724999999	-75.8093159944999968
41503	HUILA	OPORAPA	41	2.02415893714000017	-75.9975535895000007
41518	HUILA	PAICOL	41	2.44961436155000012	-75.7750976769000033
41524	HUILA	PALERMO	41	2.88665882359999992	-75.4327850914999942
41530	HUILA	PALESTINA	41	1.72319912363999994	-76.1328690994999988
41548	HUILA	PITAL	41	2.26725490631999982	-75.8048973405000055
41551	HUILA	PITALITO	41	1.85414505112999994	-76.0404004061000052
41660	HUILA	SALADOBLANCO	41	1.99259538773	-76.0462141263000007
41668	HUILA	SAN AGUSTÍN	41	1.88147214877999991	-76.2708135538999983
41676	HUILA	SANTA MARÍA	41	2.93871220405000022	-75.5867989746000006
41770	HUILA	SUAZA	41	1.97693441471000009	-75.7946571508999938
41791	HUILA	TARQUI	41	2.10954161945999985	-75.8267661970999995
41797	HUILA	TESALIA	41	2.48591120241000008	-75.7274434436999968
41799	HUILA	TELLO	41	3.06742822978999996	-75.1392351016999953
41801	HUILA	TERUEL	41	2.74125546099000017	-75.5677286845999987
41807	HUILA	TIMANÁ	41	1.97430010242999998	-75.9323485772000026
41872	HUILA	VILLAVIEJA	41	3.21924054733000009	-75.2181443889000008
41885	HUILA	YAGUARÁ	41	2.66479668805000003	-75.5182961686000027
44001	LA GUAJIRA	RIOHACHA	44	11.5291254274000003	-72.9122712549000056
44035	LA GUAJIRA	ALBANIA	44	11.1627111513999999	-72.5887556378999932
44078	LA GUAJIRA	BARRANCAS	44	10.9531042648000003	-72.7961870688999966
44090	LA GUAJIRA	DIBULLA	44	11.2712541238000004	-73.3072366876999979
44098	LA GUAJIRA	DISTRACCIÓN	44	10.8957747246000007	-72.8857994234000017
44279	LA GUAJIRA	FONSECA	44	10.8866437999999999	-72.8504714895999967
44378	LA GUAJIRA	HATONUEVO	44	11.0672820786999999	-72.7625018014999938
44420	LA GUAJIRA	LA JAGUA DEL PILAR	44	10.5107506772000008	-73.0715949486999961
44430	LA GUAJIRA	MAICAO	44	11.3774000042000001	-72.2430361521000037
44560	LA GUAJIRA	MANAURE	44	11.7699944929000004	-72.4411882985999966
44650	LA GUAJIRA	SAN JUAN DEL CESAR	44	10.7707349804000003	-73.0017013870999989
44847	LA GUAJIRA	URIBIA	44	11.7152021401000006	-72.2657462845999987
44855	LA GUAJIRA	URUMITA	44	10.5599833381000003	-73.0133716879000048
44874	LA GUAJIRA	VILLANUEVA	44	10.610184984	-72.9775939066999939
47001	MAGDALENA	SANTA MARTA	47	11.2257031416000004	-74.1883970495999989
47030	MAGDALENA	ALGARROBO	47	10.1844965574999993	-74.0606684902000012
47053	MAGDALENA	ARACATACA	47	10.5906724297999997	-74.1858590204000024
47058	MAGDALENA	ARIGUANÍ	47	9.84737240107000034	-74.2362155594999962
47161	MAGDALENA	CERRO DE SAN ANTONIO	47	10.3262615875999995	-74.8687983704000004
47170	MAGDALENA	CHIVOLO	47	10.0291380841999995	-74.6252889886000048
47189	MAGDALENA	CIÉNAGA	47	11.0074328110999993	-74.2413680690000035
47205	MAGDALENA	CONCORDIA	47	10.2576584508999993	-74.8334493147000046
47245	MAGDALENA	EL BANCO	47	8.99831827352000069	-73.9793917150000055
47258	MAGDALENA	EL PIÑÓN	47	10.4010789014	-74.8251113994000008
47268	MAGDALENA	EL RETÉN	47	10.6114342755000006	-74.2686658735999998
47318	MAGDALENA	GUAMAL	47	9.14490772793000062	-74.2250616454000038
47460	MAGDALENA	NUEVA GRANADA	47	9.80557004879999994	-74.3923194201999962
47541	MAGDALENA	PEDRAZA	47	10.1869655900999998	-74.9165353409999994
47545	MAGDALENA	PIJIÑO DEL CARMEN	47	9.33068375570999997	-74.4543614300999934
47551	MAGDALENA	PIVIJAY	47	10.4613440093999994	-74.6153957047000063
47555	MAGDALENA	PLATO	47	9.79340260608000079	-74.7836448308000001
47570	MAGDALENA	PUEBLOVIEJO	47	10.9948495831000006	-74.2819750034999942
47605	MAGDALENA	REMOLINO	47	10.7018473844000006	-74.7165449360000054
47660	MAGDALENA	SABANAS DE SAN ÁNGEL	47	10.0325190219000007	-74.2139612233000037
47675	MAGDALENA	SALAMINA	47	10.4900398021000001	-74.7931440970999972
47692	MAGDALENA	SAN SEBASTIÁN DE BUENAVISTA	47	9.24098424822999931	-74.347474612100001
47703	MAGDALENA	SAN ZENÓN	47	9.24400707382000064	-74.4997338344000042
47707	MAGDALENA	SANTA ANA	47	9.32286178066000026	-74.5674181100000055
47720	MAGDALENA	SANTA BÁRBARA DE PINTO	47	9.42525493818999927	-74.7089130622999988
47745	MAGDALENA	SITIONUEVO	47	10.7807379070000007	-74.7231050772000032
47798	MAGDALENA	TENERIFE	47	9.89827289343000061	-74.8576038869999962
47960	MAGDALENA	ZAPAYÁN	47	10.1693570393999995	-74.7171202549999975
50001	META	VILLAVICENCIO	50	4.1229575804499996	-73.626877897
50006	META	ACACÍAS	50	3.99101402795999993	-73.7656023436999959
50110	META	BARRANCA DE UPÍA	50	4.5690686668799998	-72.9665821010000002
50124	META	CABUYARO	50	4.28826159225999959	-72.7894964501000032
50150	META	CASTILLA LA NUEVA	50	3.82798261677999996	-73.6890215629999972
50223	META	SAN LUIS DE CUBARRAL	50	3.79490489066999981	-73.8350109556999996
50226	META	CUMARAL	50	4.26706185386999959	-73.4874864381000066
50245	META	EL CALVARIO	50	4.35217015754999981	-73.7134550279999985
50251	META	EL CASTILLO	50	3.56471902833999987	-73.7941628752000014
50270	META	EL DORADO	50	3.73881074337000019	-73.8352362300999943
50287	META	FUENTE DE ORO	50	3.46151538939000014	-73.6199889818000059
50313	META	GRANADA	50	3.53493519060000017	-73.6984775570000039
50318	META	GUAMAL	50	3.87974360369000015	-73.7701203761999977
50330	META	MESETAS	50	3.38224585519999987	-74.0443664191000011
50350	META	LA MACARENA	50	2.18362946977000005	-73.7864661864999931
50370	META	URIBE	50	3.23832706827999983	-74.3506713855999948
50400	META	LEJANÍAS	50	3.52569113572999981	-74.0244023457999987
50450	META	PUERTO CONCORDIA	50	2.62379154225000022	-72.7571004622000004
50568	META	PUERTO GAITÁN	50	4.31202705989000012	-72.0829548640000013
50573	META	PUERTO LÓPEZ	50	4.09347367870999967	-72.9559283195000035
50577	META	PUERTO LLERAS	50	3.26940842044000002	-73.373178664400001
50590	META	PUERTO RICO	50	2.94164927563000012	-73.207486006600007
50606	META	RESTREPO	50	4.26098099897000004	-73.5640849962999965
50680	META	SAN CARLOS DE GUAROA	50	3.7105344843000001	-73.2415894175999966
50683	META	SAN JUAN DE ARAMA	50	3.36910742698999988	-73.8708009367999949
50686	META	SAN JUANITO	50	4.45795607596000032	-73.6761936444000014
50689	META	SAN MARTÍN	50	3.7016105263900001	-73.6959721846999969
50711	META	VISTAHERMOSA	50	3.12759895117999998	-73.7525233173000032
52001	NARIÑO	PASTO	52	1.21280859722000001	-77.2782674538999999
52019	NARIÑO	ALBÁN	52	1.47394061593999992	-77.0812596922999944
52022	NARIÑO	ALDANA	52	0.88224359638000005	-77.7003748184999949
52051	NARIÑO	ARBOLEDA	52	1.5034220598400001	-77.1354496866999995
52079	NARIÑO	BARBACOAS	52	1.67357164667999991	-78.1382611994000058
52083	NARIÑO	BELÉN	52	1.59564430446999994	-77.0162878339999963
52110	NARIÑO	BUESACO	52	1.37209588218	-77.1606740852000001
52203	NARIÑO	COLÓN	52	1.64512029958000006	-77.021334677300004
52207	NARIÑO	CONSACÁ	52	1.20719433137999999	-77.4657184134999994
52210	NARIÑO	CONTADERO	52	0.908386320470999986	-77.5478326273999983
52215	NARIÑO	CÓRDOBA	52	0.85366596580599996	-77.51806895
52224	NARIÑO	CUASPÚD	52	0.863204501581000039	-77.7262251673000009
52227	NARIÑO	CUMBAL	52	0.906450846048999948	-77.7912420697000044
52233	NARIÑO	CUMBITARA	52	1.64767179037	-77.5784311039000016
52240	NARIÑO	CHACHAGÜÍ	52	1.35733301977999998	-77.2810087753999966
52250	NARIÑO	EL CHARCO	52	2.47587727810000002	-78.1083281296999985
52254	NARIÑO	EL PEÑOL	52	1.45363406894000002	-77.4398362894000059
52256	NARIÑO	EL ROSARIO	52	1.74490322467000003	-77.3346286535000047
52260	NARIÑO	EL TAMBO	52	1.40798382916999998	-77.3907511489999962
52287	NARIÑO	FUNES	52	1.00112078455000009	-77.4493739890999962
52317	NARIÑO	GUACHUCAL	52	0.960368495971000047	-77.7316556305000006
52320	NARIÑO	GUAITARILLA	52	1.13086900012999991	-77.5479120563000066
52323	NARIÑO	GUALMATÁN	52	0.919358440058000048	-77.5664755000999975
52352	NARIÑO	ILES	52	0.96849585711499997	-77.5213951381000044
52354	NARIÑO	IMUÉS	52	1.05519829139999999	-77.4965675722999947
52356	NARIÑO	IPIALES	52	0.829031718872000001	-77.646095662999997
52378	NARIÑO	LA CRUZ	52	1.60014416755000011	-76.9711823701999975
52381	NARIÑO	LA FLORIDA	52	1.29916722678000007	-77.4073937556999994
52385	NARIÑO	LA LLANADA	52	1.47292218691999999	-77.5800004242999961
52390	NARIÑO	LA TOLA	52	2.39792155095000004	-78.1897982893000005
52399	NARIÑO	LA UNIÓN	52	1.59247717673000011	-77.1283856680000071
52405	NARIÑO	LEIVA	52	1.93449673791999999	-77.3066651004999983
52411	NARIÑO	LINARES	52	1.35127830979000008	-77.523626919700007
52418	NARIÑO	LOS ANDES	52	1.49420521996	-77.521087538499998
52427	NARIÑO	MAGÜÍ	52	1.76612352666999994	-78.1843036765999955
52435	NARIÑO	MALLAMA	52	1.14084161818000007	-77.8646583337000067
52473	NARIÑO	MOSQUERA	52	2.50835991384000012	-78.4525462354999945
52480	NARIÑO	NARIÑO	52	1.28964559756000008	-77.3596646990000067
52490	NARIÑO	OLAYA HERRERA	52	2.34754710717000004	-78.3287750397000053
52506	NARIÑO	OSPINA	52	1.05883406039999994	-77.5661809508000033
52540	NARIÑO	POLICARPA	52	1.62869823451000006	-77.4587713764999961
52560	NARIÑO	POTOSÍ	52	0.805316202318000052	-77.5742477714999978
52565	NARIÑO	PROVIDENCIA	52	1.23799135380000003	-77.5965444343000001
52573	NARIÑO	PUERRES	52	0.883414835876999982	-77.5030051332999932
52585	NARIÑO	PUPIALES	52	0.87099105330000004	-77.6396036188999972
52612	NARIÑO	RICAURTE	52	1.21122770251	-77.9939922254999942
52621	NARIÑO	ROBERTO PAYÁN	52	1.69698691822999992	-78.2446761093000021
52678	NARIÑO	SAMANIEGO	52	1.3322729097799999	-77.6007321214000001
52683	NARIÑO	SANDONÁ	52	1.28128758135999998	-77.477313818799999
52685	NARIÑO	SAN BERNARDO	52	1.51443104538000006	-77.0470896310999933
52687	NARIÑO	SAN LORENZO	52	1.50282726517000009	-77.2152315265999931
52693	NARIÑO	SAN PABLO	52	1.66915803917000005	-77.0127283397000042
52694	NARIÑO	SAN PEDRO DE CARTAGO	52	1.5520849351999999	-77.1207419722999958
52696	NARIÑO	SANTA BÁRBARA	52	2.45112401509	-77.9813937052000057
52699	NARIÑO	SANTACRUZ	52	1.22164529241000008	-77.6772944591999988
52720	NARIÑO	SAPUYES	52	1.0371752270900001	-77.622239212300002
52786	NARIÑO	TAMINANGO	52	1.57012763761999996	-77.280727918300002
52788	NARIÑO	TANGUA	52	1.09479364233999998	-77.3942990575999943
52835	NARIÑO	SAN ANDRÉS DE TUMACO	52	1.7502997228199999	-78.789400968999999
52838	NARIÑO	TÚQUERRES	52	1.08663901073999991	-77.6178536322999975
52885	NARIÑO	YACUANQUER	52	1.11562696069	-77.4029913489000023
54003	NORTE DE SANTANDER	ÁBREGO	54	8.08120418380999972	-73.2214174327999956
54051	NORTE DE SANTANDER	ARBOLEDAS	54	7.64269066475999992	-72.7988340007999994
54099	NORTE DE SANTANDER	BOCHALEMA	54	7.61206780961000007	-72.6472817269000046
54109	NORTE DE SANTANDER	BUCARASICA	54	8.03944194472000007	-72.8669236775999991
54128	NORTE DE SANTANDER	CÁCHIRA	54	7.73974335671000002	-73.0496492114999967
54172	NORTE DE SANTANDER	CHINÁCOTA	54	7.60256296920000008	-72.6024502906000038
54174	NORTE DE SANTANDER	CHITAGÁ	54	7.13853760730999998	-72.6648097104999948
54206	NORTE DE SANTANDER	CONVENCIÓN	54	8.46999501786000053	-73.337194928200006
54223	NORTE DE SANTANDER	CUCUTILLA	54	7.53917387610999956	-72.7724467652000016
54239	NORTE DE SANTANDER	DURANIA	54	7.71421899785999976	-72.656198075399999
54245	NORTE DE SANTANDER	EL CARMEN	54	8.51075882437000075	-73.4467753987999998
54250	NORTE DE SANTANDER	EL TARRA	54	8.57596111348000001	-73.0943939174999997
54261	NORTE DE SANTANDER	EL ZULIA	54	7.93707310152000023	-72.6039341161000067
54313	NORTE DE SANTANDER	GRAMALOTE	54	7.88756348781999961	-72.7973048328999965
54344	NORTE DE SANTANDER	HACARÍ	54	8.32162940593999956	-73.1459084076000039
54347	NORTE DE SANTANDER	HERRÁN	54	7.50618537707000044	-72.4831712064000016
54377	NORTE DE SANTANDER	LABATECA	54	7.29939120651000017	-72.4949268328000045
54385	NORTE DE SANTANDER	LA ESPERANZA	54	7.6394926593500001	-73.3274335868999998
54398	NORTE DE SANTANDER	LA PLAYA	54	8.21359382640000035	-73.2381390884000041
54405	NORTE DE SANTANDER	LOS PATIOS	54	7.83349267282000028	-72.5060367468999942
54418	NORTE DE SANTANDER	LOURDES	54	7.94523586891000022	-72.8320469133000046
54480	NORTE DE SANTANDER	MUTISCUA	54	7.30024008229000021	-72.7470801464999965
54498	NORTE DE SANTANDER	OCAÑA	54	8.24666636497999939	-73.3551957157999936
54520	NORTE DE SANTANDER	PAMPLONITA	54	7.43585397949000004	-72.638438013499993
54553	NORTE DE SANTANDER	PUERTO SANTANDER	54	8.36117034867000086	-72.4093510005999974
54599	NORTE DE SANTANDER	RAGONVALIA	54	7.57746227767999958	-72.4760192271999983
54660	NORTE DE SANTANDER	SALAZAR	54	7.77271828459999981	-72.8087686231999953
54670	NORTE DE SANTANDER	SAN CALIXTO	54	8.3983152837699997	-73.2066910218999993
54673	NORTE DE SANTANDER	SAN CAYETANO	54	7.87727938806999983	-72.6250402901000029
54680	NORTE DE SANTANDER	SANTIAGO	54	7.86444785684000003	-72.7170691449999964
54720	NORTE DE SANTANDER	SARDINATA	54	8.08058603643999973	-72.7982608118999934
54743	NORTE DE SANTANDER	SILOS	54	7.20407152749000002	-72.7572391835000047
54800	NORTE DE SANTANDER	TEORAMA	54	8.43723373401999943	-73.2869854333000035
54810	NORTE DE SANTANDER	TIBÚ	54	8.63971770050999943	-72.7359193717000068
54820	NORTE DE SANTANDER	TOLEDO	54	7.29935086688000023	-72.4791068096999993
54871	NORTE DE SANTANDER	VILLA CARO	54	7.91436950402999972	-72.9729238447999933
54874	NORTE DE SANTANDER	VILLA DEL ROSARIO	54	7.84904659594999998	-72.4705192458000056
63001	QUINDIO	ARMENIA	63	4.53805331619000007	-75.6762454093999963
63111	QUINDIO	BUENAVISTA	63	4.35752520112999964	-75.7383660487000014
63130	QUINDIO	CALARCÁ	63	4.51619928577999996	-75.6490942154999999
63190	QUINDIO	CIRCASIA	63	4.61512679433000006	-75.6356141134999973
63212	QUINDIO	CÓRDOBA	63	4.3932727870199999	-75.6876461954000064
63272	QUINDIO	FILANDIA	63	4.67600719085000005	-75.6561832149999987
63302	QUINDIO	GÉNOVA	63	4.20774566179999976	-75.7895561046999973
63401	QUINDIO	LA TEBAIDA	63	4.45288108378000036	-75.7885139466000055
63470	QUINDIO	MONTENEGRO	63	4.56297035680000018	-75.750808619099999
63548	QUINDIO	PIJAO	63	4.33531325125999967	-75.702514101999995
63690	QUINDIO	SALENTO	63	4.63727979262000023	-75.5707958323999947
66001	RISARALDA	PEREIRA	66	4.80888773214999965	-75.7155099202000059
66045	RISARALDA	APÍA	66	5.10611881869999973	-75.9410599729999944
66075	RISARALDA	BALBOA	66	4.94931342358999959	-75.9566556041000069
66088	RISARALDA	BELÉN DE UMBRÍA	66	5.20081910208999965	-75.8684957854000004
66170	RISARALDA	DOSQUEBRADAS	66	4.83463403327000041	-75.6751828160000031
66318	RISARALDA	GUÁTICA	66	5.31491484846999995	-75.7964483643000051
66383	RISARALDA	LA CELIA	66	5.0033701118499998	-76.0031932923999989
66400	RISARALDA	LA VIRGINIA	66	4.89834379544999976	-75.879658430899994
66440	RISARALDA	MARSELLA	66	4.93666531666000008	-75.7385271492999976
66456	RISARALDA	MISTRATÓ	66	5.2946657063	-75.8794193338000014
66572	RISARALDA	PUEBLO RICO	66	5.22209118931000038	-76.0307989103000068
66594	RISARALDA	QUINCHÍA	66	5.34114674188000027	-75.7309367871999939
66682	RISARALDA	SANTA ROSA DE CABAL	66	4.87650859907000012	-75.6240743864999985
66687	RISARALDA	SANTUARIO	66	5.07367695867000013	-75.9646784972999995
68001	SANTANDER	BUCARAMANGA	68	7.12278728534000027	-73.1323252309999958
68013	SANTANDER	AGUADA	68	6.16212560851000024	-73.5214455037999954
68020	SANTANDER	ALBANIA	68	5.75871447289000038	-73.9141803604999978
68051	SANTANDER	ARATOCA	68	6.69327919271000038	-73.0201635244000045
68077	SANTANDER	BARBOSA	68	5.93031783103999999	-73.6175602711000039
68081	SANTANDER	BARRANCABERMEJA	68	7.06154842251999959	-73.8524943960999991
68092	SANTANDER	BETULIA	68	6.90006889458000039	-73.2836658374999956
68101	SANTANDER	BOLÍVAR	68	5.98686979159000021	-73.7709122011000034
68121	SANTANDER	CABRERA	68	6.59172637074000001	-73.2465433026000028
68132	SANTANDER	CALIFORNIA	68	7.34787832886000025	-72.9444849043999994
68147	SANTANDER	CAPITANEJO	68	6.53056931981999966	-72.6956351621000039
68152	SANTANDER	CARCASÍ	68	6.62673429700999961	-72.626411528999995
68160	SANTANDER	CEPITÁ	68	6.75340228765000017	-72.974516849400004
68162	SANTANDER	CERRITO	68	6.84311761624999981	-72.6947276921000025
68167	SANTANDER	CHARALÁ	68	6.28533512166000019	-73.1466694378
68169	SANTANDER	CHARTA	68	7.28125240984000044	-72.9684479093999983
68176	SANTANDER	CHIMA	68	6.34191503598999962	-73.3728971005999995
68179	SANTANDER	CHIPATÁ	68	6.06258983185000044	-73.6372840635000045
68190	SANTANDER	CIMITARRA	68	6.31369089430999963	-73.9548939418999964
68207	SANTANDER	CONCEPCIÓN	68	6.76894002244999982	-72.6942957138000025
68209	SANTANDER	CONFINES	68	6.35735534959999971	-73.2410236940999937
68211	SANTANDER	CONTRATACIÓN	68	6.29046114389	-73.4743899923000043
68217	SANTANDER	COROMORO	68	6.29555598058999966	-73.0405439487000052
68229	SANTANDER	CURITÍ	68	6.60459799377999968	-73.0689588034999957
68245	SANTANDER	EL GUACAMAYO	68	6.24606724973000027	-73.4964393380000018
68250	SANTANDER	EL PEÑÓN	68	6.05670534109999981	-73.8129614010999973
68255	SANTANDER	EL PLAYÓN	68	7.47271835800999984	-73.2046203518000027
68264	SANTANDER	ENCINO	68	6.13821535532999984	-73.0992984673000024
68266	SANTANDER	ENCISO	68	6.66972347668999976	-72.7001385755999934
68271	SANTANDER	FLORIÁN	68	5.80494925362000025	-73.9709635954999953
68296	SANTANDER	GALÁN	68	6.63889865327000006	-73.287914592000007
68298	SANTANDER	GÁMBITA	68	5.94583041292000036	-73.3426272947999962
68307	SANTANDER	GIRÓN	68	7.0717740124499997	-73.1683126852999948
68318	SANTANDER	GUACA	68	6.87687228145999985	-72.856084429500001
68322	SANTANDER	GUAPOTÁ	68	6.30838749050000036	-73.3209067076000025
68324	SANTANDER	GUAVATÁ	68	5.95507658690999975	-73.6999151413999982
68327	SANTANDER	GÜEPSA	68	6.0263864286100004	-73.5713144980999942
68344	SANTANDER	HATO	68	6.54294063600999998	-73.3081130581000053
68368	SANTANDER	JESÚS MARÍA	68	5.87653148987999963	-73.7827825922999949
68370	SANTANDER	JORDÁN	68	6.73245858931000019	-73.0967324977000033
68377	SANTANDER	LA BELLEZA	68	5.85928066933000036	-73.9649519446000028
68385	SANTANDER	LANDÁZURI	68	6.21938700028000024	-73.8090987971000061
68397	SANTANDER	LA PAZ	68	6.17856814732000004	-73.5895679472999973
68406	SANTANDER	LEBRIJA	68	7.1133221939400002	-73.2196733968000046
68418	SANTANDER	LOS SANTOS	68	6.75588428991000001	-73.1019991998000052
68425	SANTANDER	MACARAVITA	68	6.50676798488999975	-72.5932888779999956
68432	SANTANDER	MÁLAGA	68	6.70217752120000032	-72.7321333059999944
68444	SANTANDER	MATANZA	68	7.32284372115999993	-73.0160819320999934
68464	SANTANDER	MOGOTES	68	6.47538726901999961	-72.9704622901000022
68468	SANTANDER	MOLAGAVITA	68	6.67384550983999958	-72.8090316759000018
68498	SANTANDER	OCAMONTE	68	6.34033572083999974	-73.1220464416999931
68500	SANTANDER	OIBA	68	6.26704785206000015	-73.3000340004000037
68502	SANTANDER	ONZAGA	68	6.34461189765000011	-72.8139310472000005
68524	SANTANDER	PALMAS DEL SOCORRO	68	6.40592838695000033	-73.2879527096000061
68533	SANTANDER	PÁRAMO	68	6.41653497872999967	-73.1702915814999955
68547	SANTANDER	PIEDECUESTA	68	6.99547484173000012	-73.0543082605999956
68549	SANTANDER	PINCHOTE	68	6.53303594661000009	-73.1724561231000052
68572	SANTANDER	PUENTE NACIONAL	68	5.87819149232000004	-73.6775097519000042
68573	SANTANDER	PUERTO PARRA	68	6.65096788250999982	-74.0588684307000022
68575	SANTANDER	PUERTO WILCHES	68	7.34937400169000021	-73.8981286071999932
68615	SANTANDER	RIONEGRO	68	7.26321364374000034	-73.1490442943999994
68655	SANTANDER	SABANA DE TORRES	68	7.39517157701000016	-73.4983457764000008
68669	SANTANDER	SAN ANDRÉS	68	6.8102720616600001	-72.8505851614000051
68673	SANTANDER	SAN BENITO	68	6.12660698130000014	-73.509474162999993
68679	SANTANDER	SAN GIL	68	6.54927262478000038	-73.1285702201000021
68682	SANTANDER	SAN JOAQUÍN	68	6.42754903664000032	-72.8677032525999948
68684	SANTANDER	SAN JOSÉ DE MIRANDA	68	6.65866422031000038	-72.7333821182999998
68686	SANTANDER	SAN MIGUEL	68	6.57664344983999971	-72.646501115999996
68689	SANTANDER	SAN VICENTE DE CHUCURÍ	68	6.87981334011000012	-73.4100182808000028
68705	SANTANDER	SANTA BÁRBARA	68	6.99054129659000001	-72.9066829393999996
68745	SANTANDER	SIMACOTA	68	6.44347223668999991	-73.3374093333000019
68755	SANTANDER	SOCORRO	68	6.46369097452000041	-73.2611309592000026
68770	SANTANDER	SUAITA	68	6.09835314272999973	-73.4403162235999929
68773	SANTANDER	SUCRE	68	5.91903257843000041	-73.7914904515999979
68780	SANTANDER	SURATÁ	68	7.36717155541999968	-72.9842771975000062
68820	SANTANDER	TONA	68	7.1995257908000001	-72.968257265099993
68855	SANTANDER	VALLE DE SAN JOSÉ	68	6.44800947449000006	-73.1435767141000071
68861	SANTANDER	VÉLEZ	68	6.00758055992000006	-73.6745204193999967
68867	SANTANDER	VETAS	68	7.30938136062999977	-72.8707413208999952
68872	SANTANDER	VILLANUEVA	68	6.66929215485999993	-73.1735022672000071
68895	SANTANDER	ZAPATOCA	68	6.81384406690999977	-73.270855505900002
70001	SUCRE	SINCELEJO	70	9.30015762594999984	-75.3852194159999982
70110	SUCRE	BUENAVISTA	70	9.32003655948000009	-74.9728890970999942
70124	SUCRE	CAIMITO	70	8.78902510272999926	-75.116089075800005
70204	SUCRE	COLOSO	70	9.49094661828999975	-75.3557164393999983
70215	SUCRE	COROZAL	70	9.3206841447900004	-75.2920234071000039
70221	SUCRE	COVEÑAS	70	9.40979035049000068	-75.6595981401000017
70230	SUCRE	CHALÁN	70	9.54585280104999967	-75.3127962902999997
70233	SUCRE	EL ROBLE	70	9.1071524051099999	-75.1940457846999948
70235	SUCRE	GALERAS	70	9.15980328042999936	-75.0493364927999949
70265	SUCRE	GUARANDA	70	8.46904787457000019	-74.5364152944000011
70400	SUCRE	LA UNIÓN	70	8.85112740103000029	-75.2862132605000056
70418	SUCRE	LOS PALMITOS	70	9.38017706009999941	-75.2681325899999933
70429	SUCRE	MAJAGUAL	70	8.54298963225999941	-74.6278933714000061
70473	SUCRE	MORROA	70	9.32892494264999961	-75.3103986052000067
70508	SUCRE	OVEJAS	70	9.5259859640600002	-75.2288076867999962
70523	SUCRE	PALMITO	70	9.3331440573699993	-75.541170396499993
70670	SUCRE	SAMPUÉS	70	9.18243932909999927	-75.3791796409999932
70702	SUCRE	SAN JUAN DE BETULIA	70	9.27457243391000041	-75.2429969110999934
70708	SUCRE	SAN MARCOS	70	8.66403584689000006	-75.1390223231999954
70713	SUCRE	SAN ONOFRE	70	9.73339187648999982	-75.5303273119999972
70717	SUCRE	SAN PEDRO	70	9.39608379513000003	-75.0637558143999968
70742	SUCRE	SAN LUIS DE SINCÉ	70	9.24448244292999988	-75.1466720380999931
70771	SUCRE	SUCRE	70	8.81357258088000073	-74.7220666388000012
70820	SUCRE	SANTIAGO DE TOLÚ	70	9.5088149588099995	-75.5881183392999958
70823	SUCRE	TOLÚ VIEJO	70	9.45318799460999948	-75.4395557881999963
73001	TOLIMA	IBAGUÉ	73	4.43963072549999982	-75.1963501468000004
73024	TOLIMA	ALPUJARRA	73	3.39179995738999995	-74.932566289600004
73026	TOLIMA	ALVARADO	73	4.56816462109000021	-74.9521517537999955
73030	TOLIMA	AMBALEMA	73	4.78538612935999996	-74.7617986137999964
73043	TOLIMA	ANZOÁTEGUI	73	4.63284669703999974	-75.0932838261000057
73055	TOLIMA	ARMERO GUAYABAL	73	5.02900045805999962	-74.884169344
73067	TOLIMA	ATACO	73	3.59116486729999984	-75.3824540224999993
73124	TOLIMA	CAJAMARCA	73	4.43777027274999991	-75.4337958576000034
73148	TOLIMA	CARMEN DE APICALÁ	73	4.1466430920699997	-74.7233312429000023
73152	TOLIMA	CASABIANCA	73	5.07914791302999991	-75.1197910711999981
73168	TOLIMA	CHAPARRAL	73	3.72576111019000011	-75.4835822098000051
73200	TOLIMA	COELLO	73	4.2861289110499996	-74.8978955326000033
73217	TOLIMA	COYAIMA	73	3.79872369111000019	-75.196207777799998
73236	TOLIMA	DOLORES	73	3.53844375036999992	-74.8974337105999979
73268	TOLIMA	ESPINAL	73	4.15071173193000043	-74.8842257807000067
73270	TOLIMA	FALAN	73	5.11932413169	-74.9555004789999941
73275	TOLIMA	FLANDES	73	4.28279453042000036	-74.8105553573000037
73319	TOLIMA	GUAMO	73	4.02995546446000041	-74.9714950457999976
73347	TOLIMA	HERVEO	73	5.07994522497000034	-75.1782250336000004
73349	TOLIMA	HONDA	73	5.20098204314999979	-74.7417614866999998
73352	TOLIMA	ICONONZO	73	4.17413014301000018	-74.5279984191000011
73408	TOLIMA	LÉRIDA	73	4.86105174120999983	-74.9116022877000063
73411	TOLIMA	LÍBANO	73	4.91611360304000033	-75.0532201720999979
73443	TOLIMA	SAN SEBASTIÁN DE MARIQUITA	73	5.20016963007000044	-74.889335465399995
73449	TOLIMA	MELGAR	73	4.20542800177999965	-74.6269661858000006
73461	TOLIMA	MURILLO	73	4.87540969340999997	-75.1703186573000011
73483	TOLIMA	NATAGAIMA	73	3.62051386577000001	-75.0905960234999981
73504	TOLIMA	ORTEGA	73	3.93505594094999989	-75.2207941366000057
73520	TOLIMA	PALOCABILDO	73	5.12048013515000022	-75.0233432328000021
73547	TOLIMA	PIEDRAS	73	4.54450576723000044	-74.8765096606999947
73555	TOLIMA	PLANADAS	73	3.19702137702	-75.6437838795000062
73563	TOLIMA	PRADO	73	3.74982800962999985	-74.9272757779999949
73585	TOLIMA	PURIFICACIÓN	73	3.86033814252999985	-74.926626655299998
73622	TOLIMA	RONCESVALLES	73	4.01122751850000014	-75.6061390520000032
73624	TOLIMA	ROVIRA	73	4.23948330632000037	-75.2406831253999968
73671	TOLIMA	SALDAÑA	73	3.92679713245999995	-75.0166367390000062
73675	TOLIMA	SAN ANTONIO	73	3.91585542943000009	-75.477178603699997
73678	TOLIMA	SAN LUIS	73	4.13388114890999958	-75.095870391099993
73686	TOLIMA	SANTA ISABEL	73	4.71380797974000032	-75.0946715076999993
73770	TOLIMA	SUÁREZ	73	4.04759975319000009	-74.8318168563999961
73854	TOLIMA	VALLE DE SAN JUAN	73	4.19748503246000038	-75.1155895489000045
73861	TOLIMA	VENADILLO	73	4.71677806822000001	-74.929383811400001
73870	TOLIMA	VILLAHERMOSA	73	5.03029544523000016	-75.1177898760000033
73873	TOLIMA	VILLARRICA	73	3.93692155457000004	-74.6005986903000036
76001	VALLE DEL CAUCA	CALI	76	3.40638218412999993	-76.5263911952000058
76020	VALLE DEL CAUCA	ALCALÁ	76	4.67394189928999992	-75.775661460799995
76036	VALLE DEL CAUCA	ANDALUCÍA	76	4.17671561529000002	-76.1646663709999956
76041	VALLE DEL CAUCA	ANSERMANUEVO	76	4.79322314546999984	-75.9916051895999942
76054	VALLE DEL CAUCA	ARGELIA	76	4.72685117122999987	-76.1219607073000049
76100	VALLE DEL CAUCA	BOLÍVAR	76	4.33813737567999969	-76.1849632549999995
76109	VALLE DEL CAUCA	BUENAVENTURA	76	3.87366354760000009	-77.0205652159999943
76113	VALLE DEL CAUCA	BUGALAGRANDE	76	4.20815303942999996	-76.1577152069999954
76122	VALLE DEL CAUCA	CAICEDONIA	76	4.34062227773999965	-75.8365343900999989
76126	VALLE DEL CAUCA	CALIMA	76	3.93522394763999994	-76.4842233721000042
76130	VALLE DEL CAUCA	CANDELARIA	76	3.40934946241999981	-76.3477358516999942
76147	VALLE DEL CAUCA	CARTAGO	76	4.73852191575999981	-75.9115132940000024
76233	VALLE DEL CAUCA	DAGUA	76	3.65739350075000003	-76.6891747622999986
76243	VALLE DEL CAUCA	EL ÁGUILA	76	4.90988047120000015	-76.0413378052000013
76246	VALLE DEL CAUCA	EL CAIRO	76	4.75849388320999989	-76.2234172512000043
76248	VALLE DEL CAUCA	EL CERRITO	76	3.68475027510999986	-76.3117340824999957
76250	VALLE DEL CAUCA	EL DOVIO	76	4.50991498952000036	-76.2372660274999987
76275	VALLE DEL CAUCA	FLORIDA	76	3.3244045025700002	-76.2347321504000064
76306	VALLE DEL CAUCA	GINEBRA	76	3.72490001451000019	-76.2688695407999973
76318	VALLE DEL CAUCA	GUACARÍ	76	3.76199549422999979	-76.3335063128999991
76364	VALLE DEL CAUCA	JAMUNDÍ	76	3.26418634131999985	-76.5388095507999964
76377	VALLE DEL CAUCA	LA CUMBRE	76	3.64718929343999987	-76.5681664632000007
76400	VALLE DEL CAUCA	LA UNIÓN	76	4.53295824060000019	-76.1031721652999948
76403	VALLE DEL CAUCA	LA VICTORIA	76	4.52444084111999967	-76.0362142089000059
76497	VALLE DEL CAUCA	OBANDO	76	4.57493085647999997	-75.9747307562000032
76520	VALLE DEL CAUCA	PALMIRA	76	3.53293733102999985	-76.2982156099999997
76563	VALLE DEL CAUCA	PRADERA	76	3.41943776729999982	-76.2410411119000031
76606	VALLE DEL CAUCA	RESTREPO	76	3.8228998862500001	-76.5250791445999994
76616	VALLE DEL CAUCA	RIOFRÍO	76	4.15745810309999975	-76.2906271152999977
76622	VALLE DEL CAUCA	ROLDANILLO	76	4.41354839370000018	-76.1510315894000058
76670	VALLE DEL CAUCA	SAN PEDRO	76	3.9941572444900002	-76.229433837000002
76736	VALLE DEL CAUCA	SEVILLA	76	4.26719134688999979	-75.9311573268000046
76823	VALLE DEL CAUCA	TORO	76	4.60848895439000028	-76.0784077770999971
76834	VALLE DEL CAUCA	TULUÁ	76	4.08535846472999964	-76.1971756038000052
76845	VALLE DEL CAUCA	ULLOA	76	4.70286142582000011	-75.7387552282000058
76863	VALLE DEL CAUCA	VERSALLES	76	4.57582061585999966	-76.199509402800004
76869	VALLE DEL CAUCA	VIJES	76	3.69710442625000013	-76.4384865056999985
76890	VALLE DEL CAUCA	YOTOCO	76	3.86106676244000013	-76.3830866803999982
76892	VALLE DEL CAUCA	YUMBO	76	3.54053354875000004	-76.4976116712000049
76895	VALLE DEL CAUCA	ZARZAL	76	4.39042846549000032	-76.0717481660999937
81001	ARAUCA	ARAUCA	81	7.07773650196999959	-70.7627730479999997
81065	ARAUCA	ARAUQUITA	81	7.02931365346000003	-71.4276395909000001
81220	ARAUCA	CRAVO NORTE	81	6.30339369863999988	-70.2035675603000016
81300	ARAUCA	FORTUL	81	6.7992559028399997	-71.7678607444999983
81591	ARAUCA	PUERTO RONDÓN	81	6.27986338564999969	-71.1030694295999979
81736	ARAUCA	SARAVENA	81	6.95387794065999998	-71.8739494777999965
81794	ARAUCA	TAME	81	6.45653811473999983	-71.7436532634999935
85001	CASANARE	YOPAL	85	5.33249117563000041	-72.3937905332000042
85010	CASANARE	AGUAZUL	85	5.16998543063999971	-72.5525853377999965
85015	CASANARE	CHÁMEZA	85	5.21462671787999987	-72.8698899916000045
85125	CASANARE	HATO COROZAL	85	6.15639181166999983	-71.7646275435999996
85136	CASANARE	LA SALINA	85	6.12782036010000031	-72.3339677886000061
85139	CASANARE	MANÍ	85	4.81684480838999995	-72.2801607687000001
85162	CASANARE	MONTERREY	85	4.87941196756000029	-72.8890956447000065
85225	CASANARE	NUNCHÍA	85	5.6371293741299997	-72.1953826495000044
85250	CASANARE	PAZ DE ARIPORO	85	5.88140262362999966	-71.8917286790999981
85263	CASANARE	PORE	85	5.72676620203000031	-71.9923928081000071
85279	CASANARE	RECETOR	85	5.22914827753000022	-72.7609072186999981
85300	CASANARE	SABANALARGA	85	4.85336044199999961	-73.0391757446000014
85315	CASANARE	SÁCAMA	85	6.09789911487999969	-72.2488935738000038
85325	CASANARE	SAN LUIS DE PALENQUE	85	5.4218395761	-71.7312298874000049
85400	CASANARE	TÁMARA	85	5.82909664859000021	-72.1642249064999959
85410	CASANARE	TAURAMENA	85	5.01312278937999967	-72.7477361123000037
85430	CASANARE	TRINIDAD	85	5.41101622375999991	-71.6626786509000056
5001	ANTIOQUIA	MEDELLÍN	5	6.24894080955999964	-75.5770556255999963
5042	ANTIOQUIA	SANTA FÉ DE ANTIOQUIA	5	6.55826898619999987	-75.8272323818000018
5206	ANTIOQUIA	CONCEPCIÓN	5	6.39397607888999975	-75.2565270609999999
5361	ANTIOQUIA	ITUANGO	5	7.17162301036000027	-75.7641665600000067
5579	ANTIOQUIA	PUERTO BERRÍO	5	6.49006653909999986	-74.404636308700006
5665	ANTIOQUIA	SAN PEDRO DE URABÁ	5	8.2780643073300002	-76.3825621279000018
5756	ANTIOQUIA	SONSÓN	5	5.71278805375999976	-75.3103024361000024
8078	ATLÁNTICO	BARANOA	8	10.7899331957999998	-74.9181077453999933
8849	ATLÁNTICO	USIACURÍ	8	10.7427773208000001	-74.9769331062999953
13442	BOLÍVAR	MARÍA LA BAJA	13	9.9851334393099993	-75.3032014542999946
13780	BOLÍVAR	TALAIGUA NUEVO	13	9.3054028081200002	-74.5679118510000052
13838	BOLÍVAR	TURBANÁ	13	10.2707782012000006	-75.4443201110999979
15109	BOYACÁ	BUENAVISTA	15	5.51174852718999997	-73.9409990293000021
15244	BOYACÁ	EL COCUY	15	6.41037802779000021	-72.4454127647999968
15455	BOYACÁ	MIRAFLORES	15	5.19594580008999962	-73.1448626100000041
15572	BOYACÁ	PUERTO BOYACÁ	15	5.97331379456000011	-74.575054138699997
15757	BOYACÁ	SOCHA	15	5.99685874976000033	-72.6916265433000035
15759	BOYACÁ	SOGAMOSO	15	5.72486205265999981	-72.9232368990000026
15832	BOYACÁ	TUNUNGUÁ	15	5.73040797900999976	-73.9330350622000054
17444	CALDAS	MARQUETALIA	17	5.29865089581999982	-75.0478539725999951
18094	CAQUETÁ	BELÉN DE LOS ANDAQUÍES	18	1.41997507452999994	-75.8692688363999963
19392	CAUCA	LA SIERRA	19	2.17704168214000005	-76.7632022598999981
19698	CAUCA	SANTANDER DE QUILICHAO	19	3.01128796767999996	-76.4853458904999997
19701	CAUCA	SANTA ROSA	19	1.70302519951000009	-76.5738234215999967
19845	CAUCA	VILLA RICA	19	3.17492271253999991	-76.4616137141999985
20710	CESAR	SAN ALBERTO	20	7.75620518382999968	-73.3974595744000027
23570	CÓRDOBA	PUEBLO NUEVO	23	8.50265564366999982	-75.5081775520000065
25099	CUNDINAMARCA	BOJACÁ	25	4.74148625686000003	-74.3475631168000035
25286	CUNDINAMARCA	FUNZA	25	4.70865653893999969	-74.2019793975999988
25295	CUNDINAMARCA	GACHANCIPÁ	25	4.99105037518000039	-73.8729175560000044
25398	CUNDINAMARCA	LA PEÑA	25	5.19887437828000021	-74.3940765358999982
25572	CUNDINAMARCA	PUERTO SALGAR	25	5.46497923711999967	-74.6527181226999943
25793	CUNDINAMARCA	TAUSA	25	5.19568350829000014	-73.8875918059000014
25899	CUNDINAMARCA	ZIPAQUIRÁ	25	5.02348294157000019	-73.9924030664000014
27245	CHOCÓ	EL CARMEN DE ATRATO	27	5.90066567335999981	-76.1419665723999941
41078	HUILA	BARAYA	41	3.15327369236999999	-75.0542906663999929
41615	HUILA	RIVERA	41	2.77789683275000021	-75.2548587697999949
44110	LA GUAJIRA	EL MOLINO	44	10.6510631569999994	-72.921658284800003
47288	MAGDALENA	FUNDACIÓN	47	10.5138500418999996	-74.1911819159000032
47980	MAGDALENA	ZONA BANANERA	47	10.7627394772000002	-74.1427638341999966
50325	META	MAPIRIPÁN	50	2.89200026032000013	-72.1332494945000064
52036	NARIÑO	ANCUYÁ	52	1.26245062268000008	-77.5146115719000051
52258	NARIÑO	EL TABLÓN DE GÓMEZ	52	1.42729321308000001	-77.0973463181999961
52520	NARIÑO	FRANCISCO PIZARRO	52	2.03926684073999986	-78.6582827821000024
85440	CASANARE	VILLANUEVA	85	4.60982096349999981	-72.9290192773000001
86001	PUTUMAYO	MOCOA	86	1.14428450756000011	-76.651917500899998
86219	PUTUMAYO	COLÓN	86	1.19200057657999992	-76.9689800338999959
86320	PUTUMAYO	ORITO	86	0.67602047710900004	-76.8802098557000022
86568	PUTUMAYO	PUERTO ASÍS	86	0.504218750675999972	-76.4978366718000018
86569	PUTUMAYO	PUERTO CAICEDO	86	0.685064178774000054	-76.6045178173000068
86571	PUTUMAYO	PUERTO GUZMÁN	86	0.963896881051000021	-76.408032193400004
86573	PUTUMAYO	PUERTO LEGUÍZAMO	86	-0.184973168422000012	-74.7836699476000035
86749	PUTUMAYO	SIBUNDOY	86	1.20308621509999991	-76.9212871804000002
86755	PUTUMAYO	SAN FRANCISCO	86	1.17674026489000005	-76.8758920279999955
86757	PUTUMAYO	SAN MIGUEL	86	0.273017004161999977	-76.8453432761999977
86865	PUTUMAYO	VALLE DEL GUAMUEZ	86	0.423905142191999984	-76.9050395058000049
86885	PUTUMAYO	VILLAGARZÓN	86	1.02995420603999999	-76.6168096886000001
88001	ARCHIPIÉLAGO DE SAN ANDRÉS, PROVIDENCIA Y SANTA CATALINA	SAN ANDRÉS	88	12.5829884178999993	-81.6960414806000017
88564	ARCHIPIÉLAGO DE SAN ANDRÉS, PROVIDENCIA Y SANTA CATALINA	PROVIDENCIA	88	13.3701242163000007	-81.3709091411000003
91001	AMAZONAS	LETICIA	91	-4.21202316969000012	-69.9406798289000022
91263	AMAZONAS	EL ENCANTO	91	-2.00862306278750014	-72.7240058612310065
91405	AMAZONAS	LA CHORRERA	91	-1.2423641464413	-72.7588253369471971
91407	AMAZONAS	LA PEDRERA	91	-1.43237344284489998	-70.035395399942999
91430	AMAZONAS	LA VICTORIA	91	-0.112116111813099995	-71.1305321686724028
91460	AMAZONAS	MIRITÍ - PARANÁ	91	-0.685363541245800012	-71.1859126619389002
91530	AMAZONAS	PUERTO ALEGRÍA	91	-0.96885786908680005	-73.7496853632398057
91536	AMAZONAS	PUERTO ARICA	91	-1.90678992965779992	-71.1465318828447977
91540	AMAZONAS	PUERTO NARIÑO	91	-3.78991630290000003	-70.3564801394000057
91669	AMAZONAS	PUERTO SANTANDER	91	-1.09867589567679991	-71.9392868938970054
91798	AMAZONAS	TARAPACÁ	91	-2.45941079420040021	-70.0016249985574035
94001	GUAINÍA	INÍRIDA	94	3.87032554773999982	-67.9182836840000022
94343	GUAINÍA	BARRANCO MINAS	94	3.31125137805730008	-69.3969861532773962
94663	GUAINÍA	MAPIRIPANA	94	2.81001464293460002	-70.2857520406271021
94883	GUAINÍA	SAN FELIPE	94	2.12193806154219988	-67.3449045561148978
94885	GUAINÍA	LA GUADALUPE	94	1.36970581202200004	-67.0067667614950011
94886	GUAINÍA	CACAHUAL	94	3.38385208981480012	-67.5828556335348054
94887	GUAINÍA	PANA PANA	94	1.9753587012478	-69.1199556912910964
94888	GUAINÍA	MORICHAL	94	2.42981052739939996	-69.8328621676151045
95001	GUAVIARE	SAN JOSÉ DEL GUAVIARE	95	2.57047809894999979	-72.6400959977000014
95015	GUAVIARE	CALAMAR	95	1.95858583781000006	-72.654959511499996
95025	GUAVIARE	EL RETORNO	95	2.33079719735999991	-72.6279707884000061
95200	GUAVIARE	MIRAFLORES	95	1.33679172984000005	-71.9512603081000037
97001	VAUPÉS	MITÚ	97	1.25117078854000008	-70.2349602617999977
97161	VAUPÉS	CARURÚ	97	1.01130519126999996	-71.2936075006000038
97511	VAUPÉS	PACOA	97	0.181499926307800014	-70.9101348992580967
97666	VAUPÉS	TARAIRA	97	-0.564700181702999959	-69.6340537502999979
97777	VAUPÉS	PAPUNAUA	97	1.68342785319630006	-70.7097021915482031
97889	VAUPÉS	YAVARATÉ	97	0.82802224262180002	-69.615933616957193
99001	VICHADA	PUERTO CARREÑO	99	6.1856065672099998	-67.4855960999999951
99524	VICHADA	LA PRIMAVERA	99	5.49073733938999986	-70.4130869160999993
99624	VICHADA	SANTA ROSALÍA	99	5.13110359415999984	-70.8637108180000013
99773	VICHADA	CUMARIBO	99	4.44448762208999959	-69.7985426681999996
54001	NORTE DE SANTANDER	CÚCUTA	54	7.90526711655000014	-72.505590965899998
54125	NORTE DE SANTANDER	CÁCOTA	54	7.2686515999300001	-72.6424728774999977
54518	NORTE DE SANTANDER	PAMPLONA	54	7.37519414845000032	-72.6482110590000048
63594	QUINDIO	QUIMBAYA	63	4.62330250711000001	-75.7629666878000023
68079	SANTANDER	BARICHARA	68	6.63534926286000015	-73.2226819754999951
68235	SANTANDER	EL CARMEN DE CHUCURÍ	68	6.6979116047699998	-73.5131237068000019
68276	SANTANDER	FLORIDABLANCA	68	7.07732172042999963	-73.0991216369999961
68320	SANTANDER	GUADALUPE	68	6.24582467738999991	-73.4188914260000018
68522	SANTANDER	PALMAR	68	6.53793539808000013	-73.2911184754999994
68720	SANTANDER	SANTA HELENA DEL OPÓN	68	6.33839249401999982	-73.6159066536999944
70678	SUCRE	SAN BENITO ABAD	70	8.92992440781999974	-75.0313690338000043
73226	TOLIMA	CUNDAY	73	4.05974687945999957	-74.6932717765999996
73283	TOLIMA	FRESNO	73	5.15358768839000003	-75.0361949825000067
73616	TOLIMA	RIOBLANCO	73	3.5302137774800002	-75.644684136500004
76111	VALLE DEL CAUCA	GUADALAJARA DE BUGA	76	3.90140102726999993	-76.2989340409999954
76828	VALLE DEL CAUCA	TRUJILLO	76	4.20933453330999985	-76.321624464300001
85230	CASANARE	OROCUÉ	85	4.79003391816999979	-71.338105376200005
86760	PUTUMAYO	SANTIAGO	86	1.14657009370000007	-77.0025114067999965
94884	GUAINÍA	PUERTO COLOMBIA	94	2.50511122074530013	-68.2120702083236949
\.


--
-- TOC entry 2107 (class 0 OID 16423)
-- Dependencies: 177
-- Data for Name: faer; Type: TABLE DATA; Schema: public; Owner: postgres
--

COPY faer (numero, nit_presento, radicado, oep, faer_no, proyecto, nit_ejecuto, fecha_radicacion, fecha_aprobacion, subcategoria, convocatoria, categoria) FROM stdin;
245	99999999	2015	1.00	295	MEJORAMIENTO DE LA INFRAESTRUCTURA ELECTRICA EN LOS CORREGIMIENTOS DE CAPURGANA- SAPZURRO- SAN MIGUEL- PEÑALOZA Y LA CABECERA MUNICIPAL DE ACANDI - DEPARTAMENTO DEL CHOCO. 	99999999	2015-01-01	2015-01-01	8	1	3
246	99999999	2015	1.00	301	MEJORAMIENTO DEL SISTEMA DE GENERACIÓN Y DISTRIBUCIÓN ELÉCTRICA EN LA COMUNIDADES DE : VIDRI- PUERTO PALACIO- PUERTO MEDELLIN- ARENAL- SAN ANTONIO DE PADUA- SANTA MARIA- PALO BLANCO- SAN MARTIN DE PORRES- VUELTA CORTA- SAN ALEJANDRO- VILLA NUEVA- PUERTO ANTIOQUIA- SAN MIGUEL- Y BUCHADÓ ASI COMO LA CONSTRUCCIÓN DE LAS INTERCONEXIONES ELÉCTRICAS ENTRE LAS COMUNIDADES DE LA LOMA Y LA PLAYA EN EL RIO MURRY E INTERCONEXIÓN ELÉCTRICA ENTRE LAS COMUNIDADES DE VEGAEZ- BELEN E ISLETA EL RIO ARQUIA MUNICIPIO DE VIGIA DEL FUERTE DEPARTAMENTO DE ANTIOQUIA.	99999999	2015-01-01	2015-01-01	8	1	3
247	99999999	2015	1.00	283	MEJORAMIENTO  Y AMPLIACIÓN DE LA INFRAESTRUCTURA ELECTRICA DE LA CABECERA MUNICIPAL DE BAHIA SOLANO Y LAS LOCALIDADES DE EL VALLE- PUNTA HUINA- MECANA- HUACA- PLAYA DE POTES- PLAYA DE FLORES-  NABUGA- EL BRAZO Y POSAMANZA-  DEPARTAMENTO DEL CHOCO	99999999	2015-01-01	2015-01-01	8	1	3
248	99999999	2015	1.00	288	MEJORAMIENTO DE LA INFRAESTRUCTURA ELECTRICA DE LA CABECERA MUNICIPAL DE UNGUIA Y LAS LOCALIDADES DE DE SANTA MARIA- GILGAL- SANTUARIO- CUQUE MINA- CUQUE PENIEL- TISLO-  TANELA- LA LOMA- PATA PELÁ- QUEBRADA BONITA Y VILLA ESPERANZA- MUNICIPIO DE UNGUIA- DEPARTAMENTO DEL CHOCÓ	99999999	2015-01-01	2015-01-01	8	1	3
249	99999999	2015	1.00	287	MEJORAMIENTO DEL PARQUE GENERADOR Y REDES DE DISTRUCIÓN DE LAS LOCALIDADES DE COQUÍ- JOVI- RIO NUQUÍ Y CONSTRUCCIÓN DE LA LINEA DE INTERCONEXIÓN COQUI – JOVI- MUNICIPIO DE NUQUÍ- DEPARTAMENTO DEL CHOCÓ	99999999	2015-01-01	2015-01-01	8	1	3
250	99999999	2015	1.00	300	SUMINISTRO- TRANSPORTE Y CONSTRUCCIÓN DE CASETA- PLANTA ELÉCTRICA- RED TRENZADA DE BAJA TENSIÓN- ACOMETIDAS DOMICILIARIAS ANTIFRAUDE DE LAS VEREDAS DE GUAYABALES- PUERTO FLORES- CHUAPAL- LA PAZ Y CATALINA Y REPOSICIÓN DE LAS PLANTAS ELÉCTRICAS DE LAS VEREDAS DE CACHICAMO- CAÑO MAKU- GUANAPALO Y CHARRAS DE LOS MUNICIPIOS DE SAN JOSÉ DEL GUAVIARE Y EL RETORNO- DEPARTAMENTO DEL GUAVIARE	99999999	2015-01-01	2015-01-01	8	1	3
251	99999999	2015	1.00	291	IMPLEMENTACIÓN DEL SISTEMA DE ENERGIA SOLAR FOTOVOLTAICA AUTONOMO PARA LA ELECTRIFICACIÓN DE ZONAS RURALES NO INTERCONECTADAS DEL MUNICIPIO DE SABANA DE TORRES DEPARTAMENTO SANTANDER INCLUYENDO LAS VEREDAS DE  BOCA DE LA TIGRA- CAMPO DE  LA TIGRA- SABANETA- PAYOA- PROVINCIA Y LLANO GRANDE.	99999999	2015-01-01	2015-01-01	8	1	3
252	99999999	2015	1.00	290	IMPLEMENTACIÓN DEL SISTEMA DE ENERGIA SOLAR FOTOVOLTAICA AUTONOMO PARA LA ELECTRIFICACIÓN DE ZONAS RURALES NO INTERCONECTADAS DEL MUNICIPIO DE CATAGALLO DEPARTAMENTO DE BOLIVAR INCLUYENDO LAS VEREDAS DE MEDIO SAN JUAN- LA FORTUNA- EL CEDRO- MURIBA- LAS GRANJAS- ALTO LIMÓN- MIRALINDO- EL DIAMANTE Y PALUA ALTA.	99999999	2015-01-01	2015-01-01	8	1	3
253	99999999	2015	1.00	292	IMPLEMENTACIÓN DEL SISTEMA DE ENERGIA SOLAR FOTOVOLTAICA AUTONOMO PARA LA ELECTRIFICACIÓN DE ZONAS RURALES NO INTERCONECTADAS DEL MUNICIPIO DE PUERTO WILCHES DEPARTAMENTO SANTANDER INCLUYENDO LAS VEREDAS DE  CAÑO LIMÓN- LA YE- LA PAMPA-  CENTRAL- LA UNION- EL PORVENIR- LAS CRUCES- EL CARMEN- KM 16 Y TALADRO.	99999999	2015-01-01	2015-01-01	8	1	3
254	99999999	2015	1.00	294	CONSTRUCCION DE SISTEMAS DE ENERGIA ALTERNATIVA SOLAR FOTOVOLTAICA PARA VIVIENDAS RURALES EN EL MUNICIPIO DE SANTA ROSALÍA EN LAS VEREDAS- PAVANAY- BORDEREÑO- CONTROL- LA LADERA- CAÑO NEGRO- SAN MARCOS- GUACACIAS- FLOR AMARILLO Y NAZARETH EN LAS ZONAS NO INTERCONECTADAS DEL DEPARTAMENTO DEL VICHADA.	99999999	2015-01-01	2015-01-01	8	1	3
255	99999999	2015	1.00	289	CONSTRUCCIÓN DE REDES DE DISTRIBUCIÓN DE MEDIA Y BAJA TENSIÓN MONTAJE DE SUBESTACIONES DE DISTRIBUCIÓIN EN LAS VEREDAS LA PAZ- EL AMPARO- LA FLORESTA Y EL RECREO- LA CRISTALINA- LA MIRANDA- EL CARMELO SINCELEJO LA ESPAÑOLA CAMPO LEJANO- LA ARGELIA Y BUENOS AIRES SOLITA CAQUETA	99999999	2015-01-01	2015-01-01	8	1	3
256	99999999	2015	1.00	303	CONSTRUCCION Y REMODELACION DEL SISTEMA DE REDES DE DISTRIBUCIÓNN ELÉCTRICA EN MEDIA Y BAJA TENSIÓN EN LA CABECERA MUNICIPAL DE LA TOLA Y VEREDA NERETE -NARIÑO	99999999	2015-01-01	2015-01-01	8	1	3
257	99999999	2015	1.00	304	MEJORAMIENTO EN EL SISTEMA DE REDES DE DISTRIBUCIÓN ELECTRICA EN MEDIA Y BAJA TENSIÓN EN LA CABECERA MUNICIPAL DE BOCAS DE SATINGA MUNICIPIO DE OLAYA HERRERA - NARIÑO	99999999	2015-01-01	2015-01-01	8	1	3
258	99999999	2015	1.00	302	MEJORAMIENTO EN EL SISTEMA DE REDES DE DISTRIBUCIÓN ELECTRICA  EN LA CABECERA MUNICIPAL DE EL CHARCO - NARIÑO	99999999	2015-01-01	2015-01-01	8	1	3
259	99999999	2015	1.00	305	CONSTRUCCION LINEA  34-5 KV BOQUERON (GUAVIARE) MAPIRIPAN- SUBESTACION ELÉCTRICA MAPIRIPAN 34-5/13-2 KV- 1 MVA- MODULO DE SALIDA SUBESTACOIN BOQUEORN 34-5 KV Y ELECTRIFICACIÓN RURAL DE LAS VEREDAS BOQUERON Y PUERTO NARE EN EL EJE DEL DISEÑO DEPARTAMENTO DE GUAVIARE	99999999	2015-01-01	2015-01-01	8	1	3
260	99999999	2015	1.00	307	CONSTRUCCIÓN DE REDES ELECTRICAS EN MEDIA TENSIÓN PARA LA INTERCONEXIÓN  ENTRE LOS DEPARTAMENTOS DE META Y VICHADA- EN LAS ISPECCIONES DE EL VIENTO- EL PROGRESO Y TRES MATAS DEL MUNICIPIO DE CUMARIBO - VICHADA	99999999	2015-01-01	2015-01-01	8	1	3
261	8920994993	12121298	1.00	1010101	PROYECTO TEST	8920994993	2016-01-13	2016-01-20	4	5	2
195	99999999	2015	1.00	970	CONSTRUCCIÓN DE REDES ELÉCTRICAS EN LA COMUNIDAD INDÍGENA DE TRULIYAMANA	99999999	2015-01-01	2015-01-01	5	1	2
241	99999999	2015	1.00	1162	ELECTRIFICACIÓN RURAL VEREDAS PTO. GIRASOL- HATILLO- ESCUBRILLAL- CAÑO HERNAN UBICADO EN EL MUNICIPIO DE BARRANCO DE LOBA- DEPARTAMENTO DEL BOLÍVAR.	99999999	2015-01-01	2015-01-01	5	1	2
242	99999999	2015	1.00	1163	ELECTRIFICACIÓN RURAL VEREDA ARENAS DEL SUR- UBICADO EN EL MUNICIPIO DE EL CARMEN DE BOLÍVAR- DEPARTAMENTO DEL BOLÍVAR.	99999999	2015-01-01	2015-01-01	5	1	2
243	99999999	2015	1.00	1164	CONSTRUCCION DE LAS REDES DE MEDIA Y BAJA TENSION PARA LAS VEREDAS LA HOJA- COCAL- LA VARA- PALMERA- CABAÑA- PLAYA MENUDA- LA CUCHILLA- PROVIDENCIA- AGUAS CALIENTES- TAGUAL BELLAVISTA- TAGUALITO- TAGUAL- CUYANAL- CORAL- NEGRITAL- VILLAMORENO- LA LAGUNA- PORVENIR- PEÑAS BLANCAS- BUENA ESPERANZA Y PUERTO RICO.	99999999	2015-01-01	2015-01-01	5	1	2
244	99999999	2015	1.00	1185	CONSTRUCCIÓN REDES DE MEDIA Y BAJA TENSIÓN Y MONTAJE DE TRANSFORMADORES PARA LA ELECTRIFICACIÓN RURAL DE LAS VEREDAS DE LOS MUNICIPIOS EL PLAYÓN ¿ SIMACOTA ¿ PUERTO WILCHES ¿ EL CARMEN DE CHUCURI ¿ SUCRE ¿ LANDAZURI ¿ PARAMO ¿ CIMITARRA DEL DEPARTAMENTO DE SANTANDER	99999999	2015-01-01	2015-01-01	5	1	2
196	99999999	2015	1.00	979	ELECTRIFICACION RURAL VEREDAS TORTACO TAMARINDO Y CASTILLA	99999999	2015-01-01	2015-01-01	5	1	2
197	99999999	2015	1.00	980	CONSTRUCCION DE REDES DE DISTRIBUCION EN AREA RURAL DE LOS MUNICIPIOS DE PAUJIL- MONTAÑITA Y CARTAGENA DEL CHAIRA	99999999	2015-01-01	2015-01-01	5	1	2
198	99999999	2015	1.00	993	CONSTRUCCION DE REDES DE DISTRIBUCION DE MEDIA Y BAJA TENSIÓN Y MONTAJES DE SUBESTACIONES DE DISTRIBUCION RURAL	99999999	2015-01-01	2015-01-01	5	1	2
199	99999999	2015	1.00	996	ELECTRIFICACION RURAL VEREDAS MORROBAJO- LA OSERA. EL LIMONCITO Y CAMELLON PARTE ALTA	99999999	2015-01-01	2015-01-01	5	1	2
200	99999999	2015	1.00	998	AMPLIACION DEL SERVICIO ELECTRICO MEDIANTE LA CONSTRUCCION DE REDES ELECTRICAS DE MT- BT Y MONTAJE DE SUBESTACIONES DE DISTRIBUCION EN LOS CORREGIMIENTOS CABECERA MUNICIPAL- VEREDAS: LA CUMBRE- PEÑA BLANCA- SALVAVIDAS- TEQUENDAMA- CORREGIMIENTO CASCADAS- VEREDAS: EL TESORO- LLANADA- LOS ALPES- CORREGIMIENTO PARAISO- VEREDAS: EL CARMELO- EL FRESNO- EL MIRADOR- EL NARANJAL- LA CHEPA- PARAISO SECTORES CENTRO-NUEVO MILENIO- CORREGIMIENTO LA CEJA- VEREDAS: LA CEJA- LA ESMERALDA- QUITETO- CORREGIMIENTO CRUCERO BELLO- VEREDA: LA GRANJA	99999999	2015-01-01	2015-01-01	5	1	2
201	99999999	2015	1.00	999	CONSTRUCCIÓN DE REDES ELÉCTRICAS DE MEDIA Y BAJA TENSIÓN EN LAS VEREDAS  SANTA TERESA- LA PRADERA- EL ROSAL- ALTO ROSAL- EL ZARZAL- SAN ANDRES- PROVIDENCIA- LA BETANIA- LA ARENOSA- ALTO GUISIA- LA COSTEÑITA Y LOS LLANOS DEL MUNICIPIO DE VALLE DEL GUAMUEZ 	99999999	2015-01-01	2015-01-01	5	1	2
202	99999999	2015	1.00	1001	CONSTRUCCIÓN DE REDES DE DISTRIBUCIÓN DE MEDIA Y BAJA TENSIÓN Y MONTAJES DE SUBESTACIONES DE DISTRIBUCIÓN EN ÁREA RURAL DEL MUNICIPIO DE MILÁN DEPARTAMENTO DEL CAQUETÁ   	99999999	2015-01-01	2015-01-01	5	1	2
203	99999999	2015	1.00	1008	CONSTRUCCION INFRAESTRUCTURA ELECTRICA EN LAS VEREDAS DE: LA ESPERANZA- LA FRANCIA- EL SOCORRO CONGUITAL- LA PERLA- EL RESPALDO Y BUENOS AIRES	99999999	2015-01-01	2015-01-01	5	1	2
204	99999999	2015	1.00	1022	AMPLIACION ELECTRIFICACION VEREDAS PUENTE TABLA- LA ORQUETA- CAÑO CLARO Y LUCITANIA	99999999	2015-01-01	2015-01-01	5	1	2
205	99999999	2015	1.00	1037	AMPLIACION ELECTRIFICACION DISTRITO LOS LIBERTADORES Y VEREDA SANTA INES EN EL MUNICIPIO DE TAME DEPARTAMENTO DE ARAUCA (VEREDAS: TAMACAY MEDIO- ISLAS DEL CUSAY- NARANJOS I Y II- MALVINAS- AGUAS CLARAS- BRISAS DE TAMACAY- CALABALIA- CAÑO GRANDE Y SAN JOSE DE MORICHAL I Y II)	99999999	2015-01-01	2015-01-01	5	1	2
206	99999999	2015	1.00	1041	ELECTRIFICACION RURAL VEREDAS LA LEJIA- YARUMALES- VERBENA- BARBACOAS- DARIEN- VERGEL- CASTILLO Y EL DANUBIO	99999999	2015-01-01	2015-01-01	5	1	2
225	99999999	2015	1.00	1131	AMPLIACION ELECTRIFICACION VEREDAS:ALTO CAÑO ROJO- ALTO LA PAJUALINA- ALTO PLACERES- ALTO SAN MIGUEL- ALTO SOTACÁ- BAJO PESCADO- BANADÍA MEDIO- BARRACONES- BELLO HORIZONTE- CAMPO ALEGRE- CAÑO CLARO- CAÑO ROJO- CUATRO ESQUINAS- EL CONSUELO- ISLA DE BOJABA- LA PAVITA- MADRE VIEJA- MIRAMAR Y SAN RAFAEL DE BANADÍA  	99999999	2015-01-01	2015-01-01	5	1	2
208	99999999	2015	1.00	1058	CONSTRUCCION DE REDES DE DISTRIBUCION DE ENERGIA ELECTRICA EN MEDIA Y BAJA TENSION- SUBESTACION AEREAS EN LA VEREDA MINUTO DE DIOS	99999999	2015-01-01	2015-01-01	5	1	2
207	99999999	2015	1.00	1056	DISEÑO DE REDES DE MEDIA Y BAJA TENSION- MONTAJE DE TRANSFORMADORES PARA LA ELECTRIFICACION RURAL DE LAS VEREDAS LA PALMA- LAS ROSAS- EL CUBIN- EL GRANADILLO- CRISTALES- UMPALA- MESETA GRANDE- SECTOR EL COBRE- SAN MIGUEL ALTO- CARTAGENA- SAN ISIDRO- CHUCURI- ALTO DE VACAS- CHORRERAS- Y CANEYES- PLANADAS- LA VEGA- EL CANELO- LA LOMA- SEVILLA- MIRAFLOREZ- GUAMO MEDIO- GUAMO PEQUEÑO- GUAMO GRANDE	99999999	2015-01-01	2015-01-01	5	1	2
209	99999999	2015	1.00	1059	ELECTRIFICACION RURAL VEREDAS ARENITAS - EL PAREJO	99999999	2015-01-01	2015-01-01	5	1	2
210	99999999	2015	1.00	1060	ELECTRIFICACION RURAL VEREDAS MONGUI- COTOPRIX Y LOS CERRITOS	99999999	2015-01-01	2015-01-01	5	1	2
211	99999999	2015	1.00	1063	CONSTRUCCION RURAL DE LAS VEREDAS: CAÑO RINCON- SAN FRANCISCO 2- CAÑO BLANCO- LAS PAVAS- LA CONQUISTA- FORTALEZA- POTOSI ALTO- CAÑO AZUL- CAÑO BARROSO- EL RECREO- EL PORVENIR- CAÑO SECO- LA FLORIDA Y ALTO CACHAMA DEL MUNICIPIO DE EL RETORNO DEPARTAMENTO DEL GUAVIARE	99999999	2015-01-01	2015-01-01	5	1	2
212	99999999	2015	1.00	1066	AMPLIACION DE LA RED ELECTRICA VEREDAS TAMACAY- PUERTO MIRANDA Y MESETAS	99999999	2015-01-01	2015-01-01	5	1	2
213	99999999	2015	1.00	1073	CONSTRUCCIÓN REDES ELÉCTRICAS EN MEDIA Y BAJA TENSIÓN EN LAS VEREDAS SAN VICENTE ALTO- CAÑOS NEGROS- LA VENADA Y CAÑO RAYA EN EL MUNICIPIO DE PUERTO RICO META	99999999	2015-01-01	2015-01-01	5	1	2
214	99999999	2015	1.00	1074	ELECTRIFICACION RURAL SALERO Y BOCAS DE SALERO	99999999	2015-01-01	2015-01-01	5	1	2
215	99999999	2015	1.00	1075	ELECTRIFICACION RURAL VEREDA LOS CAUCHOS	99999999	2015-01-01	2015-01-01	5	1	2
216	99999999	2015	1.00	1087	CONSTRUCCION REDES ELECTRICAS MEDIA Y BAJA TENSION Y SUBESTACIONES RURALES VEREDAS VARIAS DEL MUNICIPIO DE LA CAPILLA DEPARTAMENTO DE BOYACA 	99999999	2015-01-01	2015-01-01	5	1	2
217	99999999	2015	1.00	1094	AMPLIACION ELECTRIFICACION DISTRITO SIMON BOLIVAR (VEREDAS COROCITO- ANGOSTURAS- RINCON DE BABAICA- CAÑO GUARAPO- CRAVO CHARRO- CASTILLA LA NUEVA- PUYEROS- LA HORMIGA- EL TRIUNFO- CRAVO COROZO Y SANTA INES)	99999999	2015-01-01	2015-01-01	5	1	2
218	99999999	2015	1.00	1101	CONSTRUCCION DE REDES DE MT Y BT EN LAS VEREDAS EL JAGUO- VILLANUEVA- GUARANDO- JITRADO- WINANDO- MOJAUDO- CALAHORRA- VILLA LUZ- EL TAMBO- CAMPO BONITO- DIVISA- ALTA GRACIA- PUERTO ALUMA Y LA PLAYA DEL MUNICIPIO DE QUIBDO- DEPARTAMENTO DEL CHOCO	99999999	2015-01-01	2015-01-01	5	1	2
219	99999999	2015	1.00	1112	CONSTRUCCION DE REDES DE MEDIA Y BAJA TENSIÓN Y MONTAJE DE TRANSFORMADORES PARA LA ELECTRIFICACIÓN RURAL DE LAS VEREDAS	99999999	2015-01-01	2015-01-01	5	1	2
220	99999999	2015	1.00	1116	ELECTRIFICACIÓN RURAL VEREDA LA PALMERA MUNICIPIO DE PLANADAS DEPARTAMENTO DE TOLIMA 	99999999	2015-01-01	2015-01-01	5	1	2
221	99999999	2015	1.00	1118	CONSTRUCCIÓN REDES DE MEDIA Y BAJA TENSIÓN Y MONTAJE DE TRANSFORMADORES PARA LA ELECTRIFICACIÓN RURAL DE LAS VEREDAS TABACURU - VIJA - CAÑO DE ORO -  ALTO BERLIN - LA COLINA -  CERRO AZUL - SAN JUAN - MATA DE FIQUE -  ALTO SICUE- BAJO SICUE- CAÑO FRIO- MONTES	99999999	2015-01-01	2015-01-01	5	1	2
222	99999999	2015	1.00	1119	AMPLIACION ELECTRIFICACION VEREDAS (CAÑO GUAYABO- EL MILAGRO- FILIPINAS- LAURELES I- LAURELES II- LOS REGADEROS- RINCON- SANTO DOMINGO)	99999999	2015-01-01	2015-01-01	5	1	2
223	99999999	2015	1.00	1126	ELECTRIFICACION RURAL VEREDAS EL CASCAJO- MONTE BELLO	99999999	2015-01-01	2015-01-01	5	1	2
224	99999999	2015	1.00	1129	AMPLIACION ELECTRIFICACION VEREDAS (BIRMANIA- CAÑO FLORES- CARACOLES- EL MILAGRO- EL SALEM- GUALANDAY- LA PRIMAVERA- MATECAÑA- MURIBA I- PUERTO GLORIA- SAN FRANCISCO SITIO NUEVO) 	99999999	2015-01-01	2015-01-01	5	1	2
226	99999999	2015	1.00	1132	ELECTRIFICACION RURAL VEREDAS EL PAKI-BELLA VISTA- EL GUAMARO- EL PAKI-CRUCERO- EL RETIRO- LA NEGRA- LA ISLA Y LA LOMA DE PIEDRA	99999999	2015-01-01	2015-01-01	5	1	2
227	99999999	2015	1.00	1133	ELECTRIFICACION RURAL VEREDA ANONALES	99999999	2015-01-01	2015-01-01	5	1	2
228	99999999	2015	1.00	1138	ELECTRIFICACION RURAL VEREDAS CAPIGUARA- EL CENTRO- SANTA CECILIA- CAÑO RODRIGO Y SOCONBA	99999999	2015-01-01	2015-01-01	5	1	2
229	99999999	2015	1.00	1139	ELECTRIFICACION RURAL VEREDA SAN PABLO DEL MUNICIPIO DE PLANADAS DEPARTAMENTO DE TOLIMA	99999999	2015-01-01	2015-01-01	5	1	2
230	99999999	2015	1.00	1141	ELECTRIFICACION RURAL VEREDA JAWEY- UBICADO EN EL MUNICIPIO DE FONSECA- DEPARTAMENTO DE LA GUAJIRA	99999999	2015-01-01	2015-01-01	5	1	2
231	99999999	2015	1.00	1142	ELECTRIFICACION RURAL VEREDA LA LOMA	99999999	2015-01-01	2015-01-01	5	1	2
232	99999999	2015	1.00	1143	ELECTRIFICACION RURAL VEREDA EL HORNO	99999999	2015-01-01	2015-01-01	5	1	2
233	99999999	2015	1.00	1144	ELECTRIFICACION RURAL VEREDA EL ENEAL	99999999	2015-01-01	2015-01-01	5	1	2
234	99999999	2015	1.00	1145	ELECTRIFICACION RURAL VEREDA SANTA CATALINA	99999999	2015-01-01	2015-01-01	5	1	2
235	99999999	2015	1.00	1147	ELECTRIFICACION RURAL VEREDA LA SARAITA- EL RETIRO Y JUNCALITO	99999999	2015-01-01	2015-01-01	5	1	2
236	99999999	2015	1.00	1148	ELECTRIFICACION RURAL VEREDAS ALTO PINO - SIMALUNCIRA - USHULU- UBICADO EN EL MUNICIPIO DE MAICAO- DEPARTAMENTO DE LA GUAJIRA.	99999999	2015-01-01	2015-01-01	5	1	2
237	99999999	2015	1.00	1149	ELECTRIFICACION RURAL VEREDA ANAMANA 2- UBICADO EN EL MUNICIPIO DE MAICAO- DEPARTAMENTO DE LA GUAJIRA	99999999	2015-01-01	2015-01-01	5	1	2
238	99999999	2015	1.00	1159	ELECTRIFICACION RURAL VEREDAS IRRUWANI - LOS ACEITUNO - LA PAZ- UBICADO EN EL MUNICIPIO DE MAICAO- DEPARTAMENTO DE LA GUAJIRA 	99999999	2015-01-01	2015-01-01	5	1	2
239	99999999	2015	1.00	1160	CONSTRUCCION DE REDES DE DISTRIBUCION ELECTRICA VEREDAS: ANDALUCIA- EL SOCORRO- LA PLANADA- EL CEDRAL Y TRASVAL PERTENECIENTES AL MUNICIPIO DE SAMANIEGO Y VEREDAS: EL SANDE- MADROÑO Y GUADALITO	99999999	2015-01-01	2015-01-01	5	1	2
240	99999999	2015	1.00	1161	CONSTRUCCION DE REDES DE DISTRIBUCION ELECTRICA EN LAS VEREDAS EL DECIO- BUENAVISTA Y BETANIA.	99999999	2015-01-01	2015-01-01	5	1	2
\.


--
-- TOC entry 2156 (class 0 OID 0)
-- Dependencies: 178
-- Name: faer_numero_seq; Type: SEQUENCE SET; Schema: public; Owner: postgres
--

SELECT pg_catalog.setval('faer_numero_seq', 261, true);


--
-- TOC entry 2120 (class 0 OID 16962)
-- Dependencies: 190
-- Data for Name: metas_cobertura; Type: TABLE DATA; Schema: public; Owner: postgres
--

COPY metas_cobertura (id, categoria, ano, cobertura) FROM stdin;
3	2	2015	11403
5	3	2015	2356
1	4	2015	0
9	1	2017	0
10	1	2018	0
11	2	2017	0
13	2	2018	0
14	3	2017	0
15	3	2018	0
16	4	2017	0
17	4	2018	0
18	1	2019	0
19	1	2020	0
20	2	2019	0
21	2	2020	0
22	3	2019	0
23	3	2020	0
24	4	2019	0
25	4	2020	0
4	2	2016	0
6	3	2016	0
2	4	2016	0
8	1	2016	0
7	1	2015	1000
\.


--
-- TOC entry 2157 (class 0 OID 0)
-- Dependencies: 191
-- Name: metas_cobertura_id_seq; Type: SEQUENCE SET; Schema: public; Owner: postgres
--

SELECT pg_catalog.setval('metas_cobertura_id_seq', 25, true);


--
-- TOC entry 2109 (class 0 OID 16447)
-- Dependencies: 179
-- Data for Name: operadorRed; Type: TABLE DATA; Schema: public; Owner: postgres
--

COPY "operadorRed" (id_sui, razon_social, represetante_legal, revisor_fiscal, contador, direccion, telefono, celular, correo, direccion_web, nit) FROM stdin;
2	ENERGUAVIARE					\N	\N			8920994994
6	EMPRESAS PUBLICAS DE MEDELLIN ESP					\N	\N			8902012301
1	ENELAR E.S.P					\N	\N			8920994993
5	ESSA S.A E.S.P					\N	\N			8920994997
7	ENERTOLIMA S.A E.S.P					\N	\N			8090114449
8	ELECTRICARIBE S.A E.S.P					\N	\N			8020076706
3	EBSA S.A. E.S.P.					\N	\N			8918002191
9	EPSA S.A E.S.P					\N	\N			8002498601
10	ELECTROHUILA S.A. E.S.P.					\N	\N			8911800011
11	EEBB S.A E.S.P					\N	\N			8460055300
12	CENS S.A. E.S.P.					\N	\N			8905005149
13	EPM E.S.P					\N	\N			8909049961
14	CEO S.A.S E.S.P					\N	\N			8909013520
4	ELECTROCAQUETA S.A					\N	\N			8911901273
15	CEDENAR S.A. E.S.P.					\N	\N			8912002008
16	GENSA S.A. E.S.P.					\N	\N			8001942089
999	NO SUMINISTRADO	NO SUMINISTRADO				\N	\N			99999999
\.


--
-- TOC entry 2110 (class 0 OID 16453)
-- Dependencies: 180
-- Data for Name: participantes; Type: TABLE DATA; Schema: public; Owner: postgres
--

COPY participantes (documento, tipo_documento, nombres, apellidos, nombre_entidad, nit_entidad, cargo, telefono, correo, id_comite) FROM stdin;
1098	1	JC	RC	Ministerio de Minas y Energía	9220011	Director Energia	3123232	jcesarrc@gmail.com	1
\.


--
-- TOC entry 2111 (class 0 OID 16459)
-- Dependencies: 181
-- Data for Name: proyectos; Type: TABLE DATA; Schema: public; Owner: postgres
--

COPY proyectos (bpin, nombre, descripcion, departamento, municipio, tipo_proyecto, corregimiento, localidad, direccion, longitud, latitud, costo_usuario, valor, operador_red, fecha_asignacion, fecha_finalizacion, cantidad_usuarios_proyectados, estado, cantidad_usuarios_conectados, plazo_ejecucion) FROM stdin;
\.


--
-- TOC entry 2123 (class 0 OID 32770)
-- Dependencies: 193
-- Data for Name: proyectos_comite; Type: TABLE DATA; Schema: public; Owner: postgres
--

COPY proyectos_comite (id, proyecto, comite, fecha_aprobacion, acta_aprobacion, usuario_aprobo) FROM stdin;
1	261	1	2016-01-11	255	\N
2	195	1	2016-01-22	355	\N
3	195	1	2016-01-22	355	\N
4	241	1	2016-01-22	344	\N
5	242	1	2016-01-18	120	\N
6	243	1	2016-01-23	099	\N
7	244	1	2016-01-22	233	\N
8	196	1	2016-01-22	255	\N
9	197	1	2016-01-22	670	\N
10	198	4	2016-01-22	890	\N
\.


--
-- TOC entry 2158 (class 0 OID 0)
-- Dependencies: 192
-- Name: proyectos_comite_id_seq; Type: SEQUENCE SET; Schema: public; Owner: postgres
--

SELECT pg_catalog.setval('proyectos_comite_id_seq', 10, true);


--
-- TOC entry 2112 (class 0 OID 16471)
-- Dependencies: 182
-- Data for Name: subcategoria; Type: TABLE DATA; Schema: public; Owner: postgres
--

COPY subcategoria (id, nombre, categoria) FROM stdin;
4	Convocatorias	2
6	Otros Proyectos (UPME)	2
7	Convocatorias	3
8	Otros Proyectos (IPSE)	3
9	Redes	4
10	Aislados	4
1	Inversiones Máximas Aprobadas	1
5	Inversiones Superiores al Máximo	2
12	General	2
13	General	3
14	General	4
\.


--
-- TOC entry 2159 (class 0 OID 0)
-- Dependencies: 183
-- Name: subcategoria_id_seq; Type: SEQUENCE SET; Schema: public; Owner: postgres
--

SELECT pg_catalog.setval('subcategoria_id_seq', 14, true);


--
-- TOC entry 2114 (class 0 OID 16476)
-- Dependencies: 184
-- Data for Name: subtipo_proyecto; Type: TABLE DATA; Schema: public; Owner: postgres
--

COPY subtipo_proyecto (id, nombre, id_tipo) FROM stdin;
3	FAER	1
4	FAZNI	1
\.


--
-- TOC entry 2160 (class 0 OID 0)
-- Dependencies: 185
-- Name: subtipo_proyecto_id_seq; Type: SEQUENCE SET; Schema: public; Owner: postgres
--

SELECT pg_catalog.setval('subtipo_proyecto_id_seq', 4, true);


--
-- TOC entry 2116 (class 0 OID 16481)
-- Dependencies: 186
-- Data for Name: tipo_proyecto; Type: TABLE DATA; Schema: public; Owner: postgres
--

COPY tipo_proyecto (id, nombre) FROM stdin;
1	CAFAER
3	CAFAZNI
\.


--
-- TOC entry 2161 (class 0 OID 0)
-- Dependencies: 187
-- Name: tipo_proyecto_id_seq; Type: SEQUENCE SET; Schema: public; Owner: postgres
--

SELECT pg_catalog.setval('tipo_proyecto_id_seq', 3, true);


--
-- TOC entry 2124 (class 0 OID 32794)
-- Dependencies: 194
-- Data for Name: usuario; Type: TABLE DATA; Schema: public; Owner: postgres
--

COPY usuario (id, username, authkey, accesstoken, role, password, habilitado) FROM stdin;
12	masocha	\N	\N	,50,20,10	0	t
3	deramirez1	7	7	,100,50,20,10	50PH30U-007	t
1	admin	7	7	1000	administrador	t
2	jcreyes	7	7	,100,50,20,10	50PH30U-007	t
\.


--
-- TOC entry 2162 (class 0 OID 0)
-- Dependencies: 195
-- Name: usuario_id_seq; Type: SEQUENCE SET; Schema: public; Owner: postgres
--

SELECT pg_catalog.setval('usuario_id_seq', 12, true);


--
-- TOC entry 1940 (class 2606 OID 16497)
-- Name: categoria_pkey; Type: CONSTRAINT; Schema: public; Owner: postgres; Tablespace: 
--

ALTER TABLE ONLY categoria
    ADD CONSTRAINT categoria_pkey PRIMARY KEY (id);


--
-- TOC entry 1942 (class 2606 OID 16499)
-- Name: comite_pkey; Type: CONSTRAINT; Schema: public; Owner: postgres; Tablespace: 
--

ALTER TABLE ONLY comite
    ADD CONSTRAINT comite_pkey PRIMARY KEY (id);


--
-- TOC entry 1944 (class 2606 OID 16501)
-- Name: convocatoria_pkey; Type: CONSTRAINT; Schema: public; Owner: postgres; Tablespace: 
--

ALTER TABLE ONLY convocatoria
    ADD CONSTRAINT convocatoria_pkey PRIMARY KEY (id);


--
-- TOC entry 1946 (class 2606 OID 16503)
-- Name: divipola_pkey; Type: CONSTRAINT; Schema: public; Owner: postgres; Tablespace: 
--

ALTER TABLE ONLY divipola
    ADD CONSTRAINT divipola_pkey PRIMARY KEY (id);


--
-- TOC entry 1949 (class 2606 OID 16505)
-- Name: faer_pkey; Type: CONSTRAINT; Schema: public; Owner: postgres; Tablespace: 
--

ALTER TABLE ONLY faer
    ADD CONSTRAINT faer_pkey PRIMARY KEY (numero);


--
-- TOC entry 1969 (class 2606 OID 16967)
-- Name: metas_cobertura_pkey; Type: CONSTRAINT; Schema: public; Owner: postgres; Tablespace: 
--

ALTER TABLE ONLY metas_cobertura
    ADD CONSTRAINT metas_cobertura_pkey PRIMARY KEY (id);


--
-- TOC entry 1953 (class 2606 OID 16511)
-- Name: operadorRed_pkey; Type: CONSTRAINT; Schema: public; Owner: postgres; Tablespace: 
--

ALTER TABLE ONLY "operadorRed"
    ADD CONSTRAINT "operadorRed_pkey" PRIMARY KEY (id_sui);


--
-- TOC entry 1955 (class 2606 OID 16513)
-- Name: operadorRed_unique_key; Type: CONSTRAINT; Schema: public; Owner: postgres; Tablespace: 
--

ALTER TABLE ONLY "operadorRed"
    ADD CONSTRAINT "operadorRed_unique_key" UNIQUE (nit);


--
-- TOC entry 1957 (class 2606 OID 16515)
-- Name: participantes_pkey; Type: CONSTRAINT; Schema: public; Owner: postgres; Tablespace: 
--

ALTER TABLE ONLY participantes
    ADD CONSTRAINT participantes_pkey PRIMARY KEY (documento, id_comite);


--
-- TOC entry 1967 (class 2606 OID 16956)
-- Name: pk_detalle_proyecto; Type: CONSTRAINT; Schema: public; Owner: postgres; Tablespace: 
--

ALTER TABLE ONLY detalle_proyecto
    ADD CONSTRAINT pk_detalle_proyecto PRIMARY KEY (id);


--
-- TOC entry 1959 (class 2606 OID 16517)
-- Name: proyecto_pkey; Type: CONSTRAINT; Schema: public; Owner: postgres; Tablespace: 
--

ALTER TABLE ONLY proyectos
    ADD CONSTRAINT proyecto_pkey PRIMARY KEY (bpin);


--
-- TOC entry 1971 (class 2606 OID 32778)
-- Name: proyectos_comite_pkey; Type: CONSTRAINT; Schema: public; Owner: postgres; Tablespace: 
--

ALTER TABLE ONLY proyectos_comite
    ADD CONSTRAINT proyectos_comite_pkey PRIMARY KEY (id);


--
-- TOC entry 1961 (class 2606 OID 16521)
-- Name: subcategoria_pkey; Type: CONSTRAINT; Schema: public; Owner: postgres; Tablespace: 
--

ALTER TABLE ONLY subcategoria
    ADD CONSTRAINT subcategoria_pkey PRIMARY KEY (id);


--
-- TOC entry 1963 (class 2606 OID 16523)
-- Name: subtipo_proyecto_pkey; Type: CONSTRAINT; Schema: public; Owner: postgres; Tablespace: 
--

ALTER TABLE ONLY subtipo_proyecto
    ADD CONSTRAINT subtipo_proyecto_pkey PRIMARY KEY (id);


--
-- TOC entry 1965 (class 2606 OID 16525)
-- Name: tipo_proyecto_pkey; Type: CONSTRAINT; Schema: public; Owner: postgres; Tablespace: 
--

ALTER TABLE ONLY tipo_proyecto
    ADD CONSTRAINT tipo_proyecto_pkey PRIMARY KEY (id);


--
-- TOC entry 1951 (class 2606 OID 16527)
-- Name: unique_faer_no; Type: CONSTRAINT; Schema: public; Owner: postgres; Tablespace: 
--

ALTER TABLE ONLY faer
    ADD CONSTRAINT unique_faer_no UNIQUE (faer_no);


--
-- TOC entry 1973 (class 2606 OID 32799)
-- Name: usuario_pkey; Type: CONSTRAINT; Schema: public; Owner: postgres; Tablespace: 
--

ALTER TABLE ONLY usuario
    ADD CONSTRAINT usuario_pkey PRIMARY KEY (id);


--
-- TOC entry 1938 (class 1259 OID 16528)
-- Name: categoria_nombre_uindex; Type: INDEX; Schema: public; Owner: postgres; Tablespace: 
--

CREATE UNIQUE INDEX categoria_nombre_uindex ON categoria USING btree (nombre);


--
-- TOC entry 1947 (class 1259 OID 16529)
-- Name: faer_numero_key; Type: INDEX; Schema: public; Owner: postgres; Tablespace: 
--

CREATE UNIQUE INDEX faer_numero_key ON faer USING btree (numero);


--
-- TOC entry 1974 (class 1259 OID 32840)
-- Name: usuario_username_uindex; Type: INDEX; Schema: public; Owner: postgres; Tablespace: 
--

CREATE UNIQUE INDEX usuario_username_uindex ON usuario USING btree (username);


--
-- TOC entry 1977 (class 2606 OID 16555)
-- Name: comite_categoria_fk; Type: FK CONSTRAINT; Schema: public; Owner: postgres
--

ALTER TABLE ONLY comite
    ADD CONSTRAINT comite_categoria_fk FOREIGN KEY (tipo) REFERENCES categoria(id);


--
-- TOC entry 1976 (class 2606 OID 16560)
-- Name: comite_convocatoria_fk; Type: FK CONSTRAINT; Schema: public; Owner: postgres
--

ALTER TABLE ONLY comite
    ADD CONSTRAINT comite_convocatoria_fk FOREIGN KEY (convocatoria) REFERENCES convocatoria(id);


--
-- TOC entry 1975 (class 2606 OID 16565)
-- Name: comite_subcategoria_fk; Type: FK CONSTRAINT; Schema: public; Owner: postgres
--

ALTER TABLE ONLY comite
    ADD CONSTRAINT comite_subcategoria_fk FOREIGN KEY (subtipo) REFERENCES subcategoria(id);


--
-- TOC entry 1978 (class 2606 OID 16570)
-- Name: convocatoria_categoria_fk; Type: FK CONSTRAINT; Schema: public; Owner: postgres
--

ALTER TABLE ONLY convocatoria
    ADD CONSTRAINT convocatoria_categoria_fk FOREIGN KEY (tipo) REFERENCES categoria(id);


--
-- TOC entry 1983 (class 2606 OID 16575)
-- Name: faer_comite_fk; Type: FK CONSTRAINT; Schema: public; Owner: postgres
--

ALTER TABLE ONLY faer
    ADD CONSTRAINT faer_comite_fk FOREIGN KEY (categoria) REFERENCES comite(id);


--
-- TOC entry 1982 (class 2606 OID 16580)
-- Name: faer_convocatoria_fk; Type: FK CONSTRAINT; Schema: public; Owner: postgres
--

ALTER TABLE ONLY faer
    ADD CONSTRAINT faer_convocatoria_fk FOREIGN KEY (convocatoria) REFERENCES convocatoria(id);


--
-- TOC entry 1981 (class 2606 OID 16585)
-- Name: faer_subcategoria_fk; Type: FK CONSTRAINT; Schema: public; Owner: postgres
--

ALTER TABLE ONLY faer
    ADD CONSTRAINT faer_subcategoria_fk FOREIGN KEY (subcategoria) REFERENCES subcategoria(id);


--
-- TOC entry 1980 (class 2606 OID 16590)
-- Name: fk_faer_empresa; Type: FK CONSTRAINT; Schema: public; Owner: postgres
--

ALTER TABLE ONLY faer
    ADD CONSTRAINT fk_faer_empresa FOREIGN KEY (nit_presento) REFERENCES "operadorRed"(nit);


--
-- TOC entry 1979 (class 2606 OID 16595)
-- Name: fk_faer_empresa_2; Type: FK CONSTRAINT; Schema: public; Owner: postgres
--

ALTER TABLE ONLY faer
    ADD CONSTRAINT fk_faer_empresa_2 FOREIGN KEY (nit_ejecuto) REFERENCES "operadorRed"(nit);


--
-- TOC entry 1989 (class 2606 OID 16957)
-- Name: fk_numero_proyecto; Type: FK CONSTRAINT; Schema: public; Owner: postgres
--

ALTER TABLE ONLY detalle_proyecto
    ADD CONSTRAINT fk_numero_proyecto FOREIGN KEY (numero) REFERENCES faer(numero) ON UPDATE CASCADE ON DELETE CASCADE;


--
-- TOC entry 1990 (class 2606 OID 16968)
-- Name: metas_cobertura_categoria_fk; Type: FK CONSTRAINT; Schema: public; Owner: postgres
--

ALTER TABLE ONLY metas_cobertura
    ADD CONSTRAINT metas_cobertura_categoria_fk FOREIGN KEY (categoria) REFERENCES categoria(id);


--
-- TOC entry 1984 (class 2606 OID 16605)
-- Name: participantes_id_comite_fkey; Type: FK CONSTRAINT; Schema: public; Owner: postgres
--

ALTER TABLE ONLY participantes
    ADD CONSTRAINT participantes_id_comite_fkey FOREIGN KEY (id_comite) REFERENCES comite(id);


--
-- TOC entry 1986 (class 2606 OID 16610)
-- Name: proyecto_departamento_fkey; Type: FK CONSTRAINT; Schema: public; Owner: postgres
--

ALTER TABLE ONLY proyectos
    ADD CONSTRAINT proyecto_departamento_fkey FOREIGN KEY (departamento) REFERENCES divipola(id);


--
-- TOC entry 1985 (class 2606 OID 16615)
-- Name: proyecto_operador_red_fkey; Type: FK CONSTRAINT; Schema: public; Owner: postgres
--

ALTER TABLE ONLY proyectos
    ADD CONSTRAINT proyecto_operador_red_fkey FOREIGN KEY (operador_red) REFERENCES "operadorRed"(id_sui);


--
-- TOC entry 1992 (class 2606 OID 32789)
-- Name: proyectos_comite_comite_fk; Type: FK CONSTRAINT; Schema: public; Owner: postgres
--

ALTER TABLE ONLY proyectos_comite
    ADD CONSTRAINT proyectos_comite_comite_fk FOREIGN KEY (comite) REFERENCES comite(id);


--
-- TOC entry 1991 (class 2606 OID 32784)
-- Name: proyectos_comite_proyecto_fk; Type: FK CONSTRAINT; Schema: public; Owner: postgres
--

ALTER TABLE ONLY proyectos_comite
    ADD CONSTRAINT proyectos_comite_proyecto_fk FOREIGN KEY (proyecto) REFERENCES faer(numero);


--
-- TOC entry 1987 (class 2606 OID 16630)
-- Name: subcategoria_categoria_fk; Type: FK CONSTRAINT; Schema: public; Owner: postgres
--

ALTER TABLE ONLY subcategoria
    ADD CONSTRAINT subcategoria_categoria_fk FOREIGN KEY (categoria) REFERENCES categoria(id);


--
-- TOC entry 1988 (class 2606 OID 16635)
-- Name: subtipo_proyecto_id_tipo_fkey; Type: FK CONSTRAINT; Schema: public; Owner: postgres
--

ALTER TABLE ONLY subtipo_proyecto
    ADD CONSTRAINT subtipo_proyecto_id_tipo_fkey FOREIGN KEY (id_tipo) REFERENCES tipo_proyecto(id);


--
-- TOC entry 2132 (class 0 OID 0)
-- Dependencies: 5
-- Name: public; Type: ACL; Schema: -; Owner: postgres
--

REVOKE ALL ON SCHEMA public FROM PUBLIC;
REVOKE ALL ON SCHEMA public FROM postgres;
GRANT ALL ON SCHEMA public TO postgres;
GRANT ALL ON SCHEMA public TO PUBLIC;


-- Completed on 2016-02-02 15:33:29 COT

--
-- PostgreSQL database dump complete
--

